0;0;1;2;3;4;5;6;7;8;9;10;11;12;13;14;15;16;17;18;19;20;21;22;23;24;25;26;27;28;29;30;31;32;33;34;35;36;37;38;39;40;41;42;43;44;45;46;47;48;49;50;51;52;53;54;55;56;57;58;59;60;61;62;63;64;65;66;67;68;69;70;
0;0.00:4;0.00:4;0.00:4;0.00:4;0.00:4;0.00:4;0.00:4;0.00:4;0.00:4;0.00:4;0.00:4;0.00:4;0.00:4;0.00:4;0.00:4;0.00:4;0.00:4;0.00:4;0.00:4;0.00:4;0.00:4;0.00:4;0.00:4;0.00:4;0.00:4;0.00:4;0.00:4;0.00:4;0.00:4;0.00:4;0.00:4;0.00:4;0.00:4;0.00:4;0.00:4;0.00:4;0.00:4;0.00:4;0.00:4;0.00:4;0.00:4;0.00:4;0.00:4;0.00:4;0.00:4;0.00:4;0.00:4;0.00:4;0.00:4;0.00:4;0.00:4;0.00:4;0.00:4;0.00:4;0.00:4;0.00:4;0.00:4;0.00:4;0.00:4;0.00:4;0.00:4;0.00:4;0.00:4;0.00:4;0.00:4;0.00:4;0.00:4;0.00:4;0.00:4;0.00:4;0.00:4;
1;0.00:4;0.00:4;0.00:4;0.00:4;0.00:4;0.00:4;0.00:4;0.00:4;0.00:4;0.00:4;0.00:4;0.00:4;0.00:4;0.00:4;0.00:4;0.00:4;0.00:4;0.00:4;0.00:4;0.00:4;0.00:4;0.00:4;0.00:4;0.00:4;0.00:4;0.00:4;0.00:4;0.00:4;0.00:4;0.00:4;0.00:4;0.00:4;0.00:4;0.00:4;0.00:4;0.00:4;0.00:4;0.00:4;0.00:4;0.00:4;0.00:4;0.00:4;0.00:4;0.00:4;0.00:4;0.00:4;0.00:4;0.00:4;0.00:4;0.00:4;0.00:4;0.00:4;0.00:4;0.00:4;0.00:4;0.00:4;0.00:4;0.00:4;0.00:4;0.00:4;0.00:4;0.00:4;0.00:4;0.00:4;0.00:4;0.00:4;0.00:4;0.00:4;0.00:4;0.00:4;0.00:4;
2;0.00:4;0.00:4;0.00:4;0.00:4;0.00:4;0.00:4;0.00:4;0.00:4;0.00:4;0.00:4;0.00:4;0.00:4;0.00:4;0.00:4;0.00:4;0.00:4;0.00:4;0.00:4;0.00:4;0.00:4;0.00:4;0.00:4;0.00:4;0.00:4;0.00:4;0.00:4;0.00:4;0.00:4;0.00:4;0.00:4;0.00:4;0.00:4;0.00:4;0.00:4;0.00:4;0.00:4;0.00:4;0.00:4;0.00:4;0.00:4;0.00:4;0.00:4;0.00:4;0.00:4;0.00:4;0.00:4;0.00:4;0.00:4;0.00:4;0.00:4;0.00:4;0.00:4;0.00:4;0.00:4;0.00:4;0.00:4;0.00:4;0.00:4;0.00:4;0.00:4;0.00:4;0.00:4;0.00:4;0.00:4;0.00:4;0.00:4;0.00:4;0.00:4;0.00:4;0.00:4;0.00:4;
3;0.00:4;0.00:4;0.00:4;0.00:4;0.00:4;0.00:4;0.00:4;0.00:4;0.00:4;0.00:4;0.00:4;0.00:4;0.00:4;0.00:4;0.00:4;0.00:4;0.00:4;0.00:4;0.00:4;0.00:4;0.00:4;0.00:4;0.00:4;0.00:4;0.00:4;0.00:4;0.00:4;0.00:4;0.00:4;0.00:4;0.00:4;0.00:4;0.00:4;0.00:4;0.00:4;0.00:4;0.00:4;0.00:4;0.00:4;0.00:4;0.00:4;0.00:4;0.00:4;0.00:4;0.00:4;0.00:4;0.00:4;0.00:4;0.00:4;0.00:4;0.00:4;0.00:4;0.00:4;0.00:4;0.00:4;0.00:4;0.00:4;0.00:4;0.00:4;0.00:4;0.00:4;0.00:4;0.00:4;0.00:4;0.00:4;0.00:4;0.00:4;0.00:4;0.00:4;0.00:4;0.00:4;
4;0.00:4;0.00:4;0.00:4;0.00:4;0.00:4;0.00:4;0.00:4;0.00:4;0.00:4;0.00:4;0.00:4;0.00:4;0.00:4;0.00:4;0.00:4;0.00:4;0.00:4;0.00:4;0.00:4;0.00:4;0.00:4;0.00:4;0.00:4;0.00:4;0.00:4;0.00:4;0.00:4;0.00:4;0.00:4;0.00:4;0.00:4;0.00:4;0.00:4;0.00:4;0.00:4;0.00:4;0.00:4;0.00:4;0.00:4;0.00:4;0.00:4;0.00:4;0.00:4;0.00:4;0.00:4;0.00:4;0.00:4;0.00:4;0.00:4;0.00:4;0.00:4;0.00:4;0.00:4;0.00:4;0.00:4;0.00:4;0.00:4;0.00:4;0.00:4;0.00:4;0.00:4;0.00:4;0.00:4;0.00:4;0.00:4;0.00:4;0.00:4;0.00:4;0.00:4;0.00:4;0.00:4;
5;0.00:4;0.00:4;0.00:4;0.00:4;0.00:4;0.00:4;0.00:4;0.00:4;0.00:4;0.00:4;0.00:4;0.00:4;0.00:4;0.00:4;0.00:4;0.00:4;0.00:4;0.00:4;0.00:4;0.00:4;0.00:4;0.00:4;0.00:4;0.00:4;0.00:4;0.00:4;0.00:4;0.00:4;0.00:4;0.00:4;0.00:4;0.00:4;0.00:4;0.00:4;0.00:4;0.00:4;0.00:4;0.00:4;0.00:4;0.00:4;0.00:4;0.00:4;0.00:4;0.00:4;0.00:4;0.00:4;0.00:4;0.00:4;0.00:4;0.00:4;0.00:4;0.00:4;0.00:4;0.00:4;0.00:4;0.00:4;0.00:4;0.00:4;0.00:4;0.00:4;0.00:4;0.00:4;0.00:4;0.00:4;0.00:4;0.00:4;0.00:4;0.00:4;0.00:4;0.00:4;0.00:4;
6;0.00:4;0.00:4;0.00:4;0.00:4;0.00:4;0.00:4;0.00:4;0.00:4;0.00:4;0.00:4;0.00:4;0.00:4;0.00:4;0.00:4;0.00:4;0.00:4;0.00:4;0.00:4;0.00:4;0.00:4;0.00:4;0.00:4;0.00:4;0.00:4;0.00:4;0.00:4;0.00:4;0.00:4;0.00:4;0.00:4;0.00:4;0.00:4;0.00:4;0.00:4;0.00:4;0.00:4;0.00:4;0.00:4;0.00:4;0.00:4;0.00:4;0.00:4;0.00:4;0.00:4;0.00:4;0.00:4;0.00:4;0.00:4;0.00:4;0.00:4;0.00:4;0.00:4;0.00:4;0.00:4;0.00:4;0.00:4;0.00:4;0.00:4;0.00:4;0.00:4;0.00:4;0.00:4;0.00:4;0.00:4;0.00:4;0.00:4;0.00:4;0.00:4;0.00:4;0.00:4;0.00:4;
7;0.00:4;0.00:4;0.00:4;0.00:4;0.00:4;0.00:4;0.00:4;0.00:4;0.00:4;0.00:4;0.00:4;0.00:4;0.00:4;0.00:4;0.00:4;0.00:4;0.00:4;0.00:4;0.00:4;0.00:4;0.00:4;0.00:4;0.00:4;0.00:4;0.00:4;0.00:4;0.00:4;0.00:4;0.00:4;0.00:4;0.00:4;0.00:4;0.00:4;0.00:4;0.00:4;0.00:4;0.00:4;0.00:4;0.00:4;0.00:4;0.00:4;0.00:4;0.00:4;0.00:4;0.00:4;0.00:4;0.00:4;0.00:4;0.00:4;0.00:4;0.00:4;0.00:4;0.00:4;0.00:4;0.00:4;0.00:4;0.00:4;0.00:4;0.00:4;0.00:4;0.00:4;0.00:4;0.00:4;0.00:4;0.00:4;0.00:4;0.00:4;0.00:4;0.00:4;0.00:4;0.00:4;
8;0.00:4;0.00:4;0.00:4;0.00:4;0.00:4;0.00:4;0.00:4;0.00:4;0.00:4;0.00:4;0.00:4;0.00:4;0.00:4;0.00:4;0.00:4;0.00:4;0.00:4;0.00:4;0.00:4;0.00:4;0.00:4;0.00:4;0.00:4;0.00:4;0.00:4;0.00:4;0.00:4;0.00:4;0.00:4;0.00:4;0.00:4;0.00:4;0.00:4;0.00:4;0.00:4;0.00:4;0.00:4;0.00:4;0.00:4;0.00:4;0.00:4;0.00:4;0.00:4;0.00:4;0.00:4;0.00:4;0.00:4;0.00:4;0.00:4;0.00:4;0.00:4;0.00:4;0.00:4;0.00:4;0.00:4;0.00:4;0.00:4;0.00:4;0.00:4;0.00:4;0.00:4;0.00:4;0.00:4;0.00:4;0.00:4;0.00:4;0.00:4;0.00:4;0.00:4;0.00:4;0.00:4;
9;0.00:4;0.00:4;0.00:4;0.00:4;0.00:4;0.00:4;0.00:4;0.00:4;0.00:4;0.00:4;0.00:4;0.00:4;0.00:4;0.00:4;0.00:4;0.00:4;0.00:4;0.00:4;0.00:4;0.00:4;0.00:4;0.00:4;0.00:4;0.00:4;0.00:4;0.00:4;0.00:4;0.00:4;0.00:4;0.00:4;0.00:4;0.00:4;0.00:4;0.00:4;0.00:4;0.00:4;0.00:4;0.00:4;0.00:4;0.00:4;0.00:4;0.00:4;0.00:4;0.00:4;0.00:4;0.00:4;0.00:4;0.00:4;0.00:4;0.00:4;0.00:4;0.00:4;0.00:4;0.00:4;0.00:4;0.00:4;0.00:4;0.00:4;0.00:4;0.00:4;0.00:4;0.00:4;0.00:4;0.00:4;0.00:4;0.00:4;0.00:4;0.00:4;0.00:4;0.00:4;0.00:4;
10;0.00:4;0.00:4;0.00:4;0.00:4;0.00:4;0.00:4;0.00:4;0.00:4;0.00:4;0.00:4;0.00:4;0.00:4;0.00:4;0.00:4;0.00:4;0.00:4;0.00:4;0.00:4;0.00:4;0.00:4;0.00:4;0.00:4;0.00:4;0.00:4;0.00:4;0.00:4;0.00:4;0.00:4;0.00:4;0.00:4;0.00:4;0.00:4;0.00:4;0.00:4;0.00:4;0.00:4;0.00:4;0.00:4;0.00:4;0.00:4;0.00:4;0.00:4;0.00:4;0.00:4;0.00:4;0.00:4;0.00:4;0.00:4;0.00:4;0.00:4;0.00:4;0.00:4;0.00:4;0.00:4;0.00:4;0.00:4;0.00:4;0.00:4;0.00:4;0.00:4;0.00:4;0.00:4;0.00:4;0.00:4;0.00:4;0.00:4;0.00:4;0.00:4;0.00:4;0.00:4;0.00:4;
11;0.00:4;0.04:4;0.07:4;0.12:4;0.15:4;0.19:4;0.22:4;0.25:4;0.28:4;0.30:4;0.33:4;0.34:4;0.36:4;0.36:4;0.37:4;0.37:4;0.38:4;0.38:4;0.38:4;0.39:4;0.39:4;0.39:4;0.39:4;0.39:4;0.39:4;0.39:4;0.39:4;0.39:4;0.39:4;0.39:4;0.40:8;0.40:8;0.40:8;0.40:4;0.40:4;0.40:4;0.37:4;0.34:4;0.30:4;0.28:4;0.25:4;0.22:4;0.19:4;0.16:4;0.13:4;0.11:4;0.09:4;0.09:4;0.08:4;0.08:4;0.08:4;0.07:4;0.07:4;0.07:4;0.06:4;0.06:4;0.05:4;0.05:4;0.05:4;0.04:4;0.04:4;0.03:4;0.03:4;0.03:4;0.02:4;0.02:4;0.02:4;0.01:4;0.01:4;0.00:4;0.00:4;
12;0.00:4;0.07:4;0.15:4;0.23:4;0.30:4;0.37:4;0.44:4;0.50:4;0.58:4;0.61:4;0.64:4;0.67:4;0.70:4;0.71:4;0.72:4;0.74:4;0.75:4;0.76:4;0.77:4;0.77:4;0.78:4;0.78:4;0.78:4;0.78:4;0.78:4;0.78:4;0.78:4;0.78:4;0.78:4;0.78:4;0.80:8;0.80:8;0.80:8;0.80:8;0.80:4;0.80:4;0.74:4;0.68:4;0.62:4;0.56:4;0.49:4;0.44:4;0.38:4;0.32:4;0.26:4;0.20:4;0.19:4;0.18:4;0.18:4;0.17:4;0.16:4;0.15:4;0.15:4;0.14:4;0.13:4;0.12:4;0.12:4;0.11:4;0.09:4;0.08:4;0.08:4;0.07:4;0.06:4;0.05:4;0.05:4;0.04:4;0.03:4;0.02:4;0.02:4;0.01:4;0.00:4;
13;0.00:4;0.12:4;0.23:4;0.34:4;0.45:4;0.56:4;0.66:4;0.77:4;0.86:4;0.91:4;0.97:4;1.01:4;1.06:4;1.08:4;1.09:4;1.10:4;1.12:4;1.13:4;1.14:4;1.16:4;1.17:4;1.17:4;1.17:4;1.17:4;1.17:4;1.17:4;1.17:4;1.17:4;1.17:4;1.17:4;1.20:8;1.20:8;1.20:8;1.19:4;1.19:4;1.20:4;1.10:4;1.02:4;0.92:4;0.84:4;0.75:4;0.66:4;0.57:4;0.48:4;0.39:4;0.30:4;0.28:4;0.27:4;0.26:4;0.25:4;0.24:4;0.23:4;0.22:4;0.20:4;0.19:4;0.18:4;0.17:4;0.16:4;0.15:4;0.14:4;0.12:4;0.11:4;0.09:4;0.08:4;0.07:4;0.06:4;0.05:4;0.03:4;0.02:4;0.01:4;0.00:4;
14;0.00:4;0.15:4;0.30:4;0.45:4;0.60:4;0.75:4;0.88:4;1.02:4;1.16:4;1.22:4;1.28:4;1.35:4;1.42:4;1.44:4;1.46:4;1.48:4;1.50:4;1.51:4;1.52:4;1.53:4;1.54:4;1.54:4;1.54:4;1.54:4;1.54:4;1.54:4;1.54:4;1.54:4;1.54:4;1.54:4;1.60:8;1.60:8;1.59:8;1.59:8;1.59:4;1.60:4;1.47:4;1.35:4;1.24:4;1.11:4;1.00:4;0.88:4;0.76:4;0.64:4;0.51:4;0.40:4;0.38:4;0.37:4;0.35:4;0.34:4;0.32:4;0.30:4;0.28:4;0.27:4;0.25:4;0.24:4;0.22:4;0.21:4;0.19:4;0.18:4;0.16:4;0.15:4;0.13:4;0.12:4;0.09:4;0.08:4;0.06:4;0.05:4;0.03:4;0.02:4;0.00:4;
15;0.00:4;0.19:4;0.38:4;0.57:4;0.76:4;0.92:4;1.09:4;1.27:4;1.44:4;1.52:4;1.61:4;1.69:4;1.76:4;1.80:4;1.82:4;1.85:4;1.87:4;1.89:4;1.90:4;1.92:4;1.93:4;1.93:4;1.93:4;1.93:4;1.93:4;1.93:4;1.93:4;1.93:4;1.93:4;1.93:4;2.00:8;2.00:8;1.98:8;1.98:8;1.98:4;2.00:4;1.85:4;1.69:4;1.54:4;1.40:4;1.25:4;1.09:4;0.95:4;0.80:4;0.65:4;0.49:4;0.48:4;0.46:4;0.44:4;0.42:4;0.40:4;0.38:4;0.36:4;0.34:4;0.32:4;0.30:4;0.28:4;0.26:4;0.24:4;0.22:4;0.20:4;0.18:4;0.16:4;0.14:4;0.12:4;0.11:4;0.08:4;0.06:4;0.04:4;0.02:4;0.00:4;
16;0.00:4;0.23:4;0.45:4;0.68:4;0.90:4;1.11:4;1.31:4;1.52:4;1.73:4;1.83:4;1.92:4;2.03:4;2.12:4;2.15:4;2.18:4;2.22:4;2.25:4;2.27:4;2.28:4;2.30:4;2.32:4;2.32:4;2.32:4;2.32:4;2.32:4;2.32:4;2.32:4;2.32:4;2.32:4;2.32:4;2.39:8;2.38:8;2.38:8;2.38:8;2.37:4;2.39:4;2.22:4;2.04:4;1.86:4;1.67:4;1.49:4;1.31:4;1.13:4;0.96:4;0.78:4;0.60:4;0.58:4;0.55:4;0.53:4;0.50:4;0.48:4;0.45:4;0.43:4;0.41:4;0.39:4;0.36:4;0.34:4;0.32:4;0.28:4;0.26:4;0.24:4;0.22:4;0.19:4;0.17:4;0.15:4;0.12:4;0.09:4;0.07:4;0.05:4;0.02:4;0.00:4;
17;0.00:4;0.26:4;0.53:4;0.79:4;1.06:4;1.29:4;1.53:4;1.77:4;2.02:4;2.13:4;2.25:4;2.36:4;2.48:4;2.51:4;2.55:4;2.58:4;2.61:4;2.65:4;2.67:4;2.69:4;2.71:4;2.71:4;2.71:4;2.71:4;2.71:4;2.71:4;2.71:4;2.71:4;2.71:4;2.71:4;2.79:8;2.78:8;2.78:8;2.78:8;2.77:4;2.79:4;2.58:4;2.37:4;2.16:4;1.95:4;1.74:4;1.53:4;1.32:4;1.11:4;0.90:4;0.69:4;0.67:4;0.64:4;0.62:4;0.59:4;0.56:4;0.54:4;0.50:4;0.47:4;0.45:4;0.42:4;0.39:4;0.37:4;0.34:4;0.30:4;0.28:4;0.25:4;0.22:4;0.20:4;0.17:4;0.14:4;0.12:4;0.08:4;0.05:4;0.03:4;0.00:4;
18;0.00:4;0.30:4;0.60:4;0.90:4;1.21:4;1.48:4;1.75:4;2.03:4;2.30:4;2.44:4;2.56:4;2.70:4;2.82:4;2.87:4;2.91:4;2.95:4;2.99:4;3.02:4;3.05:4;3.07:4;3.10:4;3.10:4;3.10:4;3.10:4;3.10:4;3.10:4;3.10:4;3.10:4;3.10:4;3.10:4;3.19:8;3.18:8;3.18:8;3.17:8;3.17:4;3.19:4;2.95:4;2.71:4;2.47:4;2.24:4;2.00:4;1.75:4;1.51:4;1.27:4;1.04:4;0.80:4;0.77:4;0.74:4;0.70:4;0.67:4;0.64:4;0.61:4;0.58:4;0.55:4;0.51:4;0.48:4;0.45:4;0.42:4;0.38:4;0.35:4;0.32:4;0.28:4;0.25:4;0.22:4;0.19:4;0.16:4;0.13:4;0.09:4;0.06:4;0.03:4;0.00:4;
19;0.00:4;0.34:4;0.68:4;1.02:4;1.35:4;1.67:4;1.97:4;2.28:4;2.59:4;2.74:4;2.89:4;3.03:4;3.18:4;3.22:4;3.28:4;3.32:4;3.37:4;3.39:4;3.42:4;3.45:4;3.49:4;3.49:4;3.49:4;3.49:4;3.49:4;3.49:4;3.49:4;3.49:4;3.49:4;3.49:4;3.59:8;3.58:8;3.58:8;3.57:8;3.57:4;3.59:4;3.32:4;3.05:4;2.78:4;2.51:4;2.25:4;1.97:4;1.70:4;1.44:4;1.17:4;0.89:4;0.86:4;0.83:4;0.79:4;0.76:4;0.71:4;0.68:4;0.65:4;0.61:4;0.58:4;0.54:4;0.50:4;0.46:4;0.43:4;0.40:4;0.36:4;0.33:4;0.28:4;0.25:4;0.22:4;0.18:4;0.15:4;0.11:4;0.07:4;0.03:4;0.00:4;
20;0.00:4;0.38:4;0.76:4;1.13:4;1.51:4;1.85:4;2.19:4;2.54:4;2.88:4;3.05:4;3.21:4;3.37:4;3.54:4;3.59:4;3.64:4;3.69:4;3.74:4;3.77:4;3.80:4;3.83:4;3.87:4;3.87:4;3.87:4;3.87:4;3.87:4;3.87:4;3.87:4;3.87:4;3.87:4;3.87:4;3.99:8;3.98:8;3.97:8;3.97:8;3.96:4;3.99:4;3.69:4;3.39:4;3.09:4;2.79:4;2.49:4;2.19:4;1.89:4;1.60:4;1.29:4;1.00:4;0.96:4;0.91:4;0.88:4;0.84:4;0.80:4;0.76:4;0.71:4;0.68:4;0.64:4;0.60:4;0.56:4;0.51:4;0.48:4;0.44:4;0.40:4;0.36:4;0.32:4;0.28:4;0.24:4;0.20:4;0.16:4;0.12:4;0.08:4;0.04:4;0.00:4;
21;0.00:4;0.42:4;0.83:4;1.24:4;1.66:4;2.04:4;2.42:4;2.79:4;3.17:4;3.37:4;3.57:4;3.76:4;3.96:4;4.00:4;4.04:4;4.07:4;4.12:4;4.15:4;4.19:4;4.22:4;4.25:4;4.24:4;4.23:4;4.22:4;4.21:4;4.20:4;4.19:4;4.18:4;4.17:4;4.29:8;4.45:8;4.43:8;4.41:8;4.39:8;4.37:8;4.35:8;4.02:8;3.70:8;3.37:8;3.05:8;2.72:8;2.39:8;2.07:8;1.74:8;1.42:8;1.09:8;1.04:8;1.00:8;0.96:8;0.91:8;0.87:8;0.83:8;0.79:8;0.74:8;0.69:8;0.65:8;0.61:8;0.57:8;0.53:8;0.48:8;0.44:8;0.39:4;0.35:4;0.30:4;0.26:8;0.22:8;0.18:8;0.13:4;0.08:4;0.04:4;0.00:4;
22;0.00:4;0.45:4;0.90:4;1.35:4;1.81:4;2.22:4;2.64:4;3.05:4;3.45:4;3.69:4;3.93:4;4.16:4;4.39:4;4.41:4;4.44:4;4.46:4;4.49:4;4.53:4;4.57:4;4.61:4;4.64:4;4.62:4;4.60:4;4.58:4;4.56:4;4.54:4;4.52:4;4.48:4;4.59:8;4.75:8;4.91:8;4.88:8;4.85:8;4.81:8;4.78:8;4.75:8;4.39:8;4.03:8;3.68:8;3.33:8;2.97:8;2.61:8;2.26:8;1.90:8;1.54:8;1.19:8;1.14:8;1.09:8;1.05:8;1.00:8;0.95:8;0.90:8;0.85:8;0.81:8;0.76:8;0.71:8;0.66:8;0.62:8;0.57:8;0.53:8;0.47:8;0.43:8;0.38:8;0.34:8;0.28:8;0.24:8;0.19:8;0.15:8;0.09:4;0.05:8;0.00:4;
23;0.00:4;0.49:4;0.98:4;1.47:4;1.96:4;2.40:4;2.86:4;3.30:4;3.75:4;4.01:4;4.28:4;4.55:4;4.82:4;4.83:4;4.84:4;4.85:4;4.86:4;4.90:4;4.95:4;4.99:4;5.03:4;5.00:4;4.97:4;4.94:4;4.89:4;4.86:4;4.83:4;4.84:8;5.02:8;5.20:8;5.38:8;5.32:8;5.28:8;5.24:8;5.19:8;5.15:8;4.76:8;4.37:8;3.99:8;3.60:8;3.21:8;2.82:8;2.45:8;2.06:8;1.67:8;1.28:8;1.24:8;1.19:8;1.13:8;1.08:8;1.03:8;0.98:8;0.92:8;0.87:8;0.82:8;0.78:8;0.72:8;0.67:8;0.62:8;0.57:8;0.51:8;0.46:8;0.41:8;0.36:8;0.30:8;0.26:8;0.21:8;0.16:8;0.11:8;0.05:4;0.00:4;
24;0.00:4;0.53:4;1.05:4;1.59:4;2.11:4;2.59:4;3.07:4;3.55:4;4.03:4;4.34:4;4.64:4;4.95:4;5.24:4;5.24:4;5.24:4;5.24:4;5.24:4;5.28:4;5.32:4;5.38:4;5.42:4;5.38:4;5.33:4;5.28:4;5.24:4;5.20:4;5.16:4;5.25:8;5.45:8;5.64:8;5.84:8;5.78:8;5.72:8;5.66:8;5.60:8;5.53:8;5.12:8;4.70:8;4.29:8;3.87:8;3.47:8;3.05:8;2.64:8;2.22:8;1.80:8;1.39:8;1.33:8;1.27:8;1.22:8;1.17:8;1.11:8;1.05:8;1.00:8;0.95:8;0.88:8;0.83:8;0.78:8;0.72:8;0.66:8;0.61:8;0.56:8;0.50:8;0.44:8;0.39:8;0.34:8;0.27:8;0.22:8;0.17:8;0.12:8;0.05:4;0.00:4;
25;0.00:4;0.57:4;1.13:4;1.69:4;2.26:4;2.77:4;3.29:4;3.80:4;4.32:4;4.66:4;5.00:4;5.33:4;5.67:4;5.66:4;5.64:4;5.63:4;5.61:4;5.66:4;5.71:4;5.75:4;5.81:4;5.75:4;5.69:4;5.64:4;5.59:4;5.52:4;5.47:4;5.67:8;5.88:8;6.09:8;6.30:8;6.23:8;6.15:8;6.08:8;6.01:8;5.93:8;5.49:8;5.04:8;4.60:8;4.16:8;3.71:8;3.27:8;2.81:8;2.37:8;1.93:8;1.48:8;1.43:8;1.37:8;1.30:8;1.25:8;1.19:8;1.12:8;1.07:8;1.01:8;0.95:8;0.89:8;0.83:8;0.78:8;0.71:8;0.65:8;0.60:8;0.54:8;0.47:8;0.42:8;0.36:8;0.29:8;0.24:8;0.18:8;0.12:8;0.06:8;0.00:4;
26;0.00:4;0.60:4;1.21:4;1.81:4;2.42:4;2.96:4;3.51:4;4.06:4;4.61:4;4.94:4;5.25:4;5.58:4;5.90:4;5.91:4;5.93:4;5.94:4;5.96:4;6.00:4;6.04:4;6.08:4;6.11:4;6.05:4;6.00:4;5.93:4;5.87:4;5.81:4;5.75:8;5.97:8;6.20:8;6.42:8;6.64:8;6.57:8;6.51:8;6.45:8;6.39:8;6.33:8;5.86:8;5.38:8;4.90:8;4.43:8;3.96:8;3.49:8;3.00:8;2.53:8;2.06:8;1.59:8;1.52:8;1.46:8;1.40:8;1.33:8;1.27:8;1.21:8;1.14:8;1.08:8;1.01:8;0.95:8;0.88:8;0.82:8;0.76:8;0.69:8;0.63:8;0.57:8;0.50:8;0.44:8;0.38:8;0.32:8;0.25:8;0.19:8;0.13:8;0.06:8;0.00:4;
27;0.00:4;0.64:4;1.28:4;1.92:4;2.56:4;3.15:4;3.73:4;4.32:4;4.89:4;5.21:4;5.51:4;5.83:4;6.13:4;6.17:4;6.22:4;6.27:4;6.31:4;6.33:4;6.36:4;6.39:4;6.43:4;6.35:4;6.29:4;6.23:4;6.15:4;6.09:4;6.04:8;6.27:8;6.50:8;6.74:8;6.97:8;6.92:8;6.87:8;6.83:8;6.77:8;6.73:8;6.22:8;5.71:8;5.21:8;4.70:8;4.20:8;3.70:8;3.19:8;2.69:8;2.18:8;1.68:8;1.62:8;1.54:8;1.48:8;1.42:8;1.34:8;1.28:8;1.21:8;1.14:8;1.08:8;1.01:8;0.95:8;0.87:8;0.81:8;0.75:8;0.67:8;0.61:8;0.54:8;0.47:8;0.40:8;0.34:8;0.27:8;0.20:8;0.14:8;0.06:4;0.00:4;
28;0.00:4;0.68:4;1.35:4;2.04:4;2.71:4;3.33:4;3.95:4;4.57:4;5.19:4;5.48:4;5.78:4;6.07:4;6.36:4;6.44:4;6.51:4;6.58:4;6.66:4;6.68:4;6.69:4;6.71:4;6.73:4;6.66:4;6.58:4;6.51:4;6.45:4;6.37:4;6.33:8;6.57:8;6.81:8;7.06:8;7.30:8;7.27:8;7.23:8;7.19:8;7.16:8;7.12:8;6.58:8;6.06:8;5.52:8;4.99:8;4.45:8;3.92:8;3.38:8;2.85:8;2.31:8;1.79:8;1.71:8;1.64:8;1.56:8;1.49:8;1.43:8;1.35:8;1.28:8;1.21:8;1.14:8;1.07:8;1.00:8;0.92:8;0.85:8;0.79:8;0.71:8;0.64:8;0.57:8;0.50:8;0.43:8;0.36:8;0.28:8;0.21:8;0.15:8;0.07:8;0.00:4;
29;0.00:4;0.71:4;1.43:4;2.14:4;2.87:4;3.52:4;4.17:4;4.82:4;5.47:4;5.75:4;6.04:4;6.31:4;6.59:4;6.70:4;6.79:4;6.90:4;7.00:4;7.01:4;7.02:4;7.04:4;7.05:4;6.96:4;6.89:4;6.80:4;6.73:4;6.65:4;6.62:8;6.88:8;7.13:8;7.38:8;7.63:8;7.61:8;7.59:8;7.56:8;7.54:8;7.52:8;6.95:8;6.39:8;5.83:8;5.26:8;4.69:8;4.14:8;3.57:8;3.00:8;2.45:8;1.88:8;1.81:8;1.73:8;1.66:8;1.58:8;1.50:8;1.43:8;1.35:8;1.28:8;1.21:8;1.12:8;1.05:8;0.98:8;0.90:8;0.83:8;0.76:8;0.67:8;0.60:8;0.53:8;0.45:8;0.38:8;0.30:8;0.23:8;0.15:8;0.07:8;0.00:4;
30;0.00:4;0.76:4;1.51:4;2.26:4;3.01:4;3.70:4;4.39:4;5.07:4;5.76:4;6.03:4;6.29:4;6.56:4;6.83:4;6.96:4;7.09:4;7.22:4;7.35:4;7.35:4;7.35:4;7.35:4;7.35:4;7.27:4;7.18:4;7.10:4;7.01:4;6.93:4;6.91:8;7.17:8;7.43:8;7.71:8;7.97:8;7.96:8;7.95:8;7.94:8;7.93:8;7.92:8;7.32:8;6.73:8;6.13:8;5.53:8;4.95:8;4.35:8;3.76:8;3.16:8;2.57:8;1.97:8;1.90:8;1.82:8;1.74:8;1.66:8;1.59:8;1.50:8;1.43:8;1.34:8;1.27:8;1.19:8;1.11:8;1.03:8;0.95:8;0.87:8;0.79:8;0.71:8;0.63:8;0.56:8;0.47:8;0.40:8;0.32:8;0.24:8;0.16:8;0.08:8;0.00:4;
31;0.00:4;0.78:4;1.56:4;2.34:4;3.13:4;3.82:4;4.52:4;5.21:4;5.90:4;6.17:4;6.44:4;6.71:4;6.97:4;7.10:4;7.22:4;7.35:4;7.48:4;7.49:4;7.51:4;7.52:4;7.53:4;7.44:4;7.36:4;7.28:4;7.19:4;7.11:4;7.01:4;7.27:8;7.54:8;7.80:8;8.07:8;8.06:8;8.05:8;8.05:8;8.04:8;8.03:8;7.42:8;6.83:8;6.23:8;5.62:8;5.02:8;4.42:8;3.81:8;3.21:8;2.61:8;2.01:8;1.93:8;1.85:8;1.76:8;1.69:8;1.61:8;1.52:8;1.45:8;1.37:8;1.28:8;1.21:8;1.12:8;1.05:8;0.97:8;0.88:8;0.81:8;0.72:8;0.64:8;0.57:8;0.48:8;0.40:8;0.33:8;0.24:8;0.16:8;0.08:8;0.00:4;
32;0.00:4;0.81:4;1.62:4;2.43:4;3.23:4;3.94:4;4.64:4;5.34:4;6.05:4;6.32:4;6.58:4;6.85:4;7.12:4;7.25:4;7.36:4;7.49:4;7.61:4;7.63:4;7.65:4;7.69:4;7.71:4;7.62:4;7.53:4;7.44:4;7.36:4;7.28:4;7.19:4;7.36:8;7.63:8;7.91:8;8.18:8;8.17:8;8.17:8;8.16:8;8.16:8;8.15:8;7.54:8;6.93:8;6.31:8;5.70:8;5.09:8;4.48:8;3.87:8;3.26:8;2.65:8;2.04:8;1.95:8;1.88:8;1.80:8;1.71:8;1.63:8;1.55:8;1.47:8;1.39:8;1.30:8;1.22:8;1.14:8;1.06:8;0.98:8;0.89:8;0.82:8;0.74:8;0.65:8;0.57:8;0.49:8;0.41:8;0.33:8;0.24:8;0.17:8;0.08:8;0.00:4;
33;0.00:4;0.84:4;1.67:4;2.51:4;3.35:4;4.05:4;4.77:4;5.48:4;6.20:4;6.46:4;6.73:4;6.99:4;7.27:4;7.38:4;7.50:4;7.62:4;7.74:4;7.77:4;7.81:4;7.84:4;7.89:4;7.79:4;7.71:4;7.62:4;7.54:4;7.44:4;7.36:4;7.46:8;7.73:8;8.01:8;8.28:8;8.28:8;8.27:8;8.27:8;8.27:8;8.26:8;7.64:8;7.02:8;6.41:8;5.79:8;5.17:8;4.55:8;3.93:8;3.31:8;2.69:8;2.07:8;1.98:8;1.90:8;1.82:8;1.73:8;1.65:8;1.58:8;1.49:8;1.41:8;1.32:8;1.24:8;1.16:8;1.07:8;1.00:8;0.91:8;0.83:8;0.75:8;0.66:8;0.58:8;0.49:8;0.41:8;0.34:8;0.25:8;0.17:8;0.08:8;0.00:4;
34;0.00:4;0.86:4;1.73:4;2.59:4;3.45:4;4.18:4;4.89:4;5.62:4;6.34:4;6.60:4;6.88:4;7.14:4;7.41:4;7.53:4;7.63:4;7.75:4;7.86:4;7.92:4;7.96:4;8.01:4;8.06:4;7.97:4;7.89:4;7.80:4;7.71:4;7.62:4;7.53:4;7.55:8;7.83:8;8.11:8;8.39:8;8.39:8;8.39:8;8.39:8;8.39:8;8.39:8;7.76:8;7.13:8;6.50:8;5.87:8;5.24:8;4.61:8;3.98:8;3.35:8;2.73:8;2.10:8;2.02:8;1.93:8;1.85:8;1.76:8;1.68:8;1.60:8;1.51:8;1.43:8;1.34:8;1.26:8;1.18:8;1.09:8;1.01:8;0.92:8;0.84:8;0.76:8;0.67:8;0.59:8;0.50:8;0.42:8;0.34:8;0.25:8;0.17:8;0.08:8;0.00:4;
35;0.00:4;0.89:4;1.79:4;2.68:4;3.57:4;4.29:4;5.02:4;5.75:4;6.48:4;6.75:4;7.02:4;7.29:4;7.56:4;7.67:4;7.78:4;7.89:4;7.99:4;8.05:4;8.12:4;8.18:4;8.24:4;8.15:4;8.06:4;7.97:4;7.89:4;7.79:4;7.71:4;7.64:8;7.93:8;8.21:8;8.49:8;8.49:8;8.49:8;8.51:8;8.51:8;8.51:8;7.86:8;7.22:8;6.59:8;5.95:8;5.31:8;4.67:8;4.04:8;3.40:8;2.76:8;2.12:8;2.04:8;1.95:8;1.87:8;1.79:8;1.70:8;1.62:8;1.53:8;1.45:8;1.37:8;1.28:8;1.19:8;1.10:8;1.02:8;0.93:8;0.85:8;0.77:8;0.68:8;0.60:8;0.51:8;0.43:8;0.34:8;0.25:8;0.17:8;0.08:8;0.00:4;
36;0.00:4;0.91:4;1.83:4;2.75:4;3.66:4;4.40:4;5.13:4;5.87:4;6.59:4;6.86:4;7.12:4;7.38:4;7.64:4;7.76:4;7.86:4;7.97:4;8.07:4;8.14:4;8.20:4;8.26:4;8.32:4;8.23:4;8.15:4;8.06:4;7.98:4;7.90:4;7.81:4;7.73:4;8.02:8;8.31:8;8.59:8;8.59:8;8.60:8;8.60:8;8.60:8;8.61:8;7.96:8;7.32:8;6.67:8;6.03:8;5.38:8;4.74:8;4.08:8;3.44:8;2.79:8;2.15:8;2.07:8;1.98:8;1.89:8;1.81:8;1.72:8;1.64:8;1.55:8;1.46:8;1.38:8;1.29:8;1.21:8;1.12:8;1.03:8;0.95:8;0.86:8;0.78:8;0.69:8;0.60:8;0.51:8;0.43:8;0.35:8;0.26:8;0.17:8;0.08:8;0.00:4;
37;0.00:4;0.95:4;1.88:4;2.82:4;3.76:4;4.49:4;5.24:4;5.97:4;6.72:4;6.97:4;7.22:4;7.49:4;7.74:4;7.84:4;7.95:4;8.05:4;8.16:4;8.22:4;8.28:4;8.35:4;8.40:4;8.33:4;8.24:4;8.16:4;8.09:4;8.00:4;7.93:4;7.84:4;8.11:8;8.40:8;8.68:8;8.69:8;8.69:8;8.70:8;8.70:8;8.70:8;8.05:8;7.40:8;6.75:8;6.10:8;5.44:8;4.79:8;4.14:8;3.49:8;2.84:8;2.17:8;2.09:8;2.01:8;1.92:8;1.83:8;1.74:8;1.66:8;1.56:8;1.48:8;1.40:8;1.30:8;1.22:8;1.13:8;1.05:8;0.96:8;0.87:8;0.79:8;0.69:8;0.61:8;0.53:8;0.44:8;0.35:8;0.26:8;0.18:8;0.08:8;0.00:4;
38;0.00:4;0.97:4;1.93:4;2.90:4;3.85:4;4.60:4;5.34:4;6.09:4;6.84:4;7.09:4;7.33:4;7.58:4;7.83:4;7.94:4;8.03:4;8.14:4;8.24:4;8.31:4;8.37:4;8.43:4;8.48:4;8.41:4;8.34:4;8.26:4;8.18:4;8.11:4;8.03:4;7.96:4;8.20:8;8.49:8;8.79:8;8.79:8;8.80:8;8.80:8;8.81:8;8.81:8;8.15:8;7.49:8;6.84:8;6.17:8;5.51:8;4.85:8;4.19:8;3.53:8;2.87:8;2.21:8;2.11:8;2.03:8;1.94:8;1.85:8;1.76:8;1.68:8;1.59:8;1.50:8;1.41:8;1.32:8;1.24:8;1.14:8;1.06:8;0.97:8;0.88:8;0.80:8;0.70:8;0.62:8;0.53:8;0.44:8;0.36:8;0.26:8;0.18:8;0.08:4;0.00:4;
39;0.00:4;0.99:4;1.97:4;2.97:4;3.96:4;4.70:4;5.45:4;6.21:4;6.95:4;7.19:4;7.43:4;7.68:4;7.92:4;8.02:4;8.13:4;8.22:4;8.33:4;8.39:4;8.45:4;8.51:4;8.57:4;8.49:4;8.43:4;8.36:4;8.28:4;8.21:4;8.14:4;8.06:4;8.28:8;8.59:8;8.88:8;8.89:8;8.89:8;8.90:8;8.91:8;8.91:8;8.25:8;7.58:8;6.91:8;6.24:8;5.58:8;4.90:8;4.23:8;3.57:8;2.90:8;2.23:8;2.14:8;2.05:8;1.96:8;1.87:8;1.79:8;1.69:8;1.61:8;1.51:8;1.43:8;1.33:8;1.25:8;1.16:8;1.07:8;0.98:8;0.89:8;0.80:8;0.71:8;0.62:8;0.54:8;0.44:8;0.36:8;0.27:8;0.18:8;0.09:8;0.00:4;
40;0.00:4;1.02:4;2.03:4;3.05:4;4.05:4;4.81:4;5.57:4;6.31:4;7.07:4;7.31:4;7.54:4;7.78:4;8.01:4;8.12:4;8.21:4;8.32:4;8.41:4;8.47:4;8.54:4;8.59:4;8.65:4;8.59:4;8.52:4;8.45:4;8.38:4;8.32:4;8.25:4;8.18:4;8.38:8;8.68:8;8.98:8;8.99:8;9.00:8;9.00:8;9.01:8;9.02:8;8.35:8;7.67:8;6.99:8;6.31:8;5.64:8;4.96:8;4.28:8;3.61:8;2.93:8;2.26:8;2.16:8;2.08:8;1.98:8;1.89:8;1.81:8;1.71:8;1.63:8;1.53:8;1.44:8;1.35:8;1.26:8;1.18:8;1.08:8;1.00:8;0.90:8;0.81:8;0.72:8;0.63:8;0.55:8;0.45:8;0.36:8;0.27:8;0.18:8;0.09:8;0.00:4;
41;0.00:4;1.04:4;2.07:4;3.11:4;4.14:4;4.89:4;5.64:4;6.39:4;7.14:4;7.38:4;7.61:4;7.84:4;8.07:4;8.18:4;8.27:4;8.38:4;8.47:4;8.54:4;8.60:4;8.66:4;8.73:4;8.66:4;8.60:4;8.54:4;8.47:4;8.41:4;8.36:4;8.30:4;8.45:8;8.76:8;9.06:8;9.07:8;9.07:8;9.08:8;9.09:8;9.10:8;8.42:8;7.74:8;7.06:8;6.37:8;5.69:8;5.01:8;4.33:8;3.64:8;2.96:8;2.28:8;2.18:8;2.10:8;2.01:8;1.91:8;1.82:8;1.73:8;1.64:8;1.54:8;1.46:8;1.37:8;1.27:8;1.19:8;1.09:8;1.00:8;0.91:8;0.82:8;0.72:8;0.64:8;0.55:8;0.45:8;0.37:8;0.27:8;0.18:8;0.09:8;0.00:4;
42;0.00:4;1.06:4;2.11:4;3.17:4;4.23:4;4.98:4;5.72:4;6.48:4;7.22:4;7.46:4;7.69:4;7.92:4;8.15:4;8.24:4;8.35:4;8.44:4;8.54:4;8.60:4;8.67:4;8.74:4;8.80:4;8.74:4;8.68:4;8.63:4;8.57:4;8.52:4;8.45:4;8.40:4;8.53:8;8.83:8;9.14:8;9.15:8;9.16:8;9.17:8;9.18:8;9.19:8;8.51:8;7.81:8;7.12:8;6.44:8;5.74:8;5.05:8;4.37:8;3.68:8;2.99:8;2.30:8;2.21:8;2.11:8;2.03:8;1.93:8;1.84:8;1.74:8;1.66:8;1.56:8;1.47:8;1.38:8;1.29:8;1.20:8;1.10:8;1.01:8;0.92:8;0.83:8;0.74:8;0.64:8;0.56:8;0.46:8;0.37:8;0.27:8;0.19:8;0.09:8;0.00:4;
43;0.00:4;1.08:4;2.16:4;3.23:4;4.32:4;5.06:4;5.81:4;6.55:4;7.30:4;7.53:4;7.76:4;7.98:4;8.21:4;8.32:4;8.41:4;8.51:4;8.61:4;8.67:4;8.74:4;8.80:4;8.86:4;8.82:4;8.77:4;8.72:4;8.66:4;8.61:4;8.56:4;8.52:4;8.60:8;8.91:8;9.22:8;9.23:8;9.24:8;9.25:8;9.26:8;9.28:8;8.58:8;7.89:8;7.19:8;6.50:8;5.80:8;5.10:8;4.41:8;3.71:8;3.01:8;2.32:8;2.23:8;2.13:8;2.04:8;1.95:8;1.86:8;1.76:8;1.67:8;1.58:8;1.48:8;1.40:8;1.30:8;1.21:8;1.11:8;1.02:8;0.92:8;0.84:8;0.75:8;0.65:8;0.56:8;0.46:8;0.37:8;0.28:8;0.19:8;0.09:8;0.00:4;
44;0.00:4;1.10:4;2.21:4;3.31:4;4.41:4;5.15:4;5.89:4;6.64:4;7.38:4;7.60:4;7.83:4;8.05:4;8.28:4;8.38:4;8.47:4;8.58:4;8.67:4;8.74:4;8.81:4;8.87:4;8.94:4;8.89:4;8.85:4;8.80:4;8.76:4;8.72:4;8.66:4;8.62:4;8.67:8;8.99:8;9.29:8;9.31:8;9.32:8;9.33:8;9.36:8;9.37:8;8.66:8;7.96:8;7.26:8;6.55:8;5.85:8;5.16:8;4.45:8;3.75:8;3.05:8;2.34:8;2.25:8;2.15:8;2.06:8;1.96:8;1.87:8;1.77:8;1.69:8;1.60:8;1.50:8;1.41:8;1.31:8;1.22:8;1.12:8;1.03:8;0.93:8;0.84:8;0.75:8;0.65:8;0.57:8;0.47:8;0.38:8;0.28:8;0.19:8;0.09:8;0.00:4;
45;0.00:4;1.12:4;2.25:4;3.37:4;4.49:4;5.24:4;5.97:4;6.72:4;7.46:4;7.68:4;7.91:4;8.13:4;8.35:4;8.44:4;8.55:4;8.64:4;8.74:4;8.81:4;8.87:4;8.95:4;9.01:4;8.97:4;8.93:4;8.89:4;8.85:4;8.81:4;8.77:4;8.73:4;8.76:8;9.06:8;9.38:8;9.39:8;9.41:8;9.42:8;9.44:8;9.45:8;8.75:8;8.03:8;7.33:8;6.62:8;5.91:8;5.20:8;4.49:8;3.78:8;3.08:8;2.36:8;2.27:8;2.17:8;2.08:8;1.98:8;1.89:8;1.80:8;1.70:8;1.61:8;1.51:8;1.42:8;1.32:8;1.23:8;1.13:8;1.04:8;0.95:8;0.85:8;0.76:8;0.66:8;0.57:8;0.47:8;0.38:8;0.28:8;0.19:8;0.09:8;0.00:4;
46;0.00:4;1.14:4;2.29:4;3.42:4;4.57:4;5.30:4;6.05:4;6.78:4;7.52:4;7.74:4;7.96:4;8.18:4;8.40:4;8.49:4;8.60:4;8.69:4;8.79:4;8.86:4;8.94:4;9.01:4;9.07:4;9.04:4;9.00:4;8.97:4;8.94:4;8.89:4;8.86:4;8.82:4;8.83:8;9.15:8;9.46:8;9.47:8;9.49:8;9.50:8;9.52:8;9.53:8;8.82:8;8.11:8;7.39:8;6.68:8;5.96:8;5.25:8;4.54:8;3.81:8;3.10:8;2.38:8;2.29:8;2.19:8;2.10:8;2.01:8;1.91:8;1.82:8;1.72:8;1.62:8;1.52:8;1.43:8;1.33:8;1.24:8;1.14:8;1.05:8;0.96:8;0.86:8;0.77:8;0.67:8;0.58:8;0.47:8;0.38:8;0.28:8;0.19:8;0.09:4;0.00:4;
47;0.00:4;1.17:4;2.32:4;3.49:4;4.64:4;5.38:4;6.11:4;6.85:4;7.59:4;7.80:4;8.02:4;8.23:4;8.45:4;8.55:4;8.65:4;8.75:4;8.85:4;8.93:4;9.00:4;9.07:4;9.15:4;9.11:4;9.07:4;9.04:4;9.01:4;8.98:4;8.95:4;8.91:4;8.90:8;9.22:8;9.53:8;9.56:8;9.58:8;9.60:8;9.61:8;9.63:8;8.90:8;8.18:8;7.47:8;6.74:8;6.02:8;5.29:8;4.58:8;3.85:8;3.13:8;2.40:8;2.31:8;2.22:8;2.12:8;2.03:8;1.92:8;1.83:8;1.73:8;1.64:8;1.54:8;1.45:8;1.34:8;1.25:8;1.16:8;1.06:8;0.97:8;0.87:8;0.77:8;0.67:8;0.58:8;0.48:8;0.39:8;0.29:8;0.19:8;0.09:4;0.00:4;
48;0.00:4;1.18:4;2.36:4;3.54:4;4.71:4;5.45:4;6.18:4;6.92:4;7.65:4;7.86:4;8.07:4;8.30:4;8.51:4;8.61:4;8.70:4;8.80:4;8.90:4;8.98:4;9.05:4;9.14:4;9.21:4;9.18:4;9.16:4;9.12:4;9.09:4;9.06:4;9.04:4;9.01:4;8.98:4;9.30:8;9.62:8;9.64:8;9.66:8;9.68:8;9.69:8;9.71:8;8.99:8;8.26:8;7.53:8;6.80:8;6.07:8;5.34:8;4.62:8;3.89:8;3.16:8;2.43:8;2.33:8;2.24:8;2.14:8;2.04:8;1.94:8;1.85:8;1.75:8;1.65:8;1.55:8;1.46:8;1.37:8;1.26:8;1.17:8;1.07:8;0.98:8;0.87:8;0.78:8;0.68:8;0.59:8;0.48:8;0.39:8;0.29:8;0.20:8;0.09:4;0.00:4;
49;0.00:4;1.20:4;2.39:4;3.59:4;4.79:4;5.52:4;6.26:4;6.98:4;7.72:4;7.93:4;8.14:4;8.35:4;8.56:4;8.66:4;8.76:4;8.86:4;8.96:4;9.04:4;9.11:4;9.20:4;9.27:4;9.25:4;9.23:4;9.20:4;9.18:4;9.16:4;9.12:4;9.10:4;9.08:4;9.38:8;9.70:8;9.72:8;9.74:8;9.77:8;9.79:8;9.81:8;9.07:8;8.34:8;7.60:8;6.87:8;6.13:8;5.40:8;4.66:8;3.93:8;3.19:8;2.45:8;2.35:8;2.26:8;2.15:8;2.06:8;1.96:8;1.86:8;1.76:8;1.67:8;1.56:8;1.47:8;1.38:8;1.27:8;1.18:8;1.08:8;0.98:8;0.88:8;0.79:8;0.68:8;0.59:8;0.49:8;0.39:8;0.29:8;0.20:8;0.09:4;0.00:4;
50;0.00:4;1.22:4;2.44:4;3.64:4;4.86:4;5.60:4;6.32:4;7.06:4;7.78:4;7.99:4;8.20:4;8.40:4;8.61:4;8.72:4;8.81:4;8.91:4;9.01:4;9.09:4;9.18:4;9.26:4;9.33:4;9.32:4;9.30:4;9.28:4;9.26:4;9.24:4;9.22:4;9.20:4;9.18:4;9.46:8;9.79:8;9.81:8;9.83:8;9.85:8;9.87:8;9.89:8;9.16:8;8.41:8;7.67:8;6.93:8;6.18:8;5.44:8;4.70:8;3.96:8;3.21:8;2.48:8;2.37:8;2.28:8;2.17:8;2.08:8;1.97:8;1.88:8;1.79:8;1.68:8;1.59:8;1.48:8;1.39:8;1.29:8;1.19:8;1.09:8;0.99:8;0.89:8;0.79:8;0.69:8;0.60:8;0.49:8;0.40:8;0.29:8;0.20:8;0.09:4;0.00:4;
51;0.00:4;1.23:4;2.47:4;3.70:4;4.92:4;5.65:4;6.38:4;7.11:4;7.84:4;8.04:4;8.25:4;8.45:4;8.66:4;8.76:4;8.86:4;8.97:4;9.07:4;9.16:4;9.24:4;9.32:4;9.40:4;9.39:4;9.37:4;9.36:4;9.33:4;9.32:4;9.30:4;9.29:4;9.27:4;9.53:8;9.87:8;9.89:8;9.91:8;9.93:8;9.96:8;9.99:8;9.24:8;8.48:8;7.74:8;6.99:8;6.24:8;5.49:8;4.75:8;3.99:8;3.24:8;2.50:8;2.39:8;2.30:8;2.19:8;2.10:8;2.00:8;1.90:8;1.80:8;1.70:8;1.60:8;1.50:8;1.40:8;1.30:8;1.20:8;1.10:8;1.00:8;0.90:8;0.80:8;0.70:8;0.60:8;0.50:8;0.40:8;0.30:8;0.20:8;0.11:8;0.00:4;
52;0.00:4;1.25:4;2.50:4;3.74:4;4.99:4;5.71:4;6.44:4;7.16:4;7.90:4;8.10:4;8.30:4;8.51:4;8.70:4;8.81:4;8.91:4;9.02:4;9.12:4;9.21:4;9.29:4;9.38:4;9.46:4;9.45:4;9.44:4;9.43:4;9.42:4;9.41:4;9.39:4;9.38:4;9.37:4;9.62:8;9.94:8;9.98:8;10.00:8;10.03:8;10.05:8;10.08:8;9.32:8;8.57:8;7.81:8;7.06:8;6.30:8;5.54:8;4.79:8;4.03:8;3.28:8;2.52:8;2.42:8;2.32:8;2.22:8;2.12:8;2.02:8;1.91:8;1.82:8;1.71:8;1.62:8;1.51:8;1.41:8;1.31:8;1.21:8;1.11:8;1.01:8;0.90:8;0.81:8;0.70:8;0.61:8;0.50:8;0.40:8;0.30:8;0.20:8;0.11:8;0.00:4;
53;0.00:4;1.26:4;2.52:4;3.79:4;5.05:4;5.78:4;6.50:4;7.22:4;7.95:4;8.15:4;8.35:4;8.55:4;8.76:4;8.86:4;8.97:4;9.07:4;9.19:4;9.27:4;9.36:4;9.44:4;9.52:4;9.52:4;9.51:4;9.50:4;9.49:4;9.49:4;9.48:4;9.47:4;9.46:4;9.69:8;10.03:8;10.06:8;10.09:8;10.11:8;10.14:8;10.17:8;9.41:8;8.64:8;7.89:8;7.12:8;6.35:8;5.60:8;4.83:8;4.07:8;3.31:8;2.54:8;2.45:8;2.34:8;2.24:8;2.13:8;2.04:8;1.93:8;1.83:8;1.73:8;1.63:8;1.52:8;1.43:8;1.32:8;1.22:8;1.12:8;1.02:8;0.91:8;0.82:8;0.71:8;0.61:8;0.50:8;0.41:8;0.30:8;0.20:4;0.11:8;0.00:4;
54;0.00:4;1.28:4;2.55:4;3.83:4;5.11:4;5.84:4;6.55:4;7.28:4;8.00:4;8.20:4;8.40:4;8.60:4;8.80:4;8.91:4;9.02:4;9.14:4;9.24:4;9.32:4;9.42:4;9.50:4;9.59:4;9.59:4;9.59:4;9.58:4;9.58:4;9.57:4;9.57:4;9.57:4;9.56:4;9.78:8;10.11:8;10.14:8;10.17:8;10.21:8;10.24:8;10.27:8;9.49:8;8.73:8;7.96:8;7.18:8;6.42:8;5.65:8;4.87:8;4.11:8;3.34:8;2.56:8;2.47:8;2.36:8;2.26:8;2.15:8;2.06:8;1.95:8;1.85:8;1.74:8;1.64:8;1.54:8;1.44:8;1.33:8;1.23:8;1.13:8;1.03:8;0.92:8;0.82:8;0.71:8;0.62:8;0.51:8;0.41:8;0.30:8;0.21:8;0.11:8;0.00:4;
55;0.00:4;1.29:4;2.58:4;3.89:4;5.18:4;5.89:4;6.62:4;7.33:4;8.05:4;8.25:4;8.45:4;8.65:4;8.85:4;8.96:4;9.07:4;9.19:4;9.30:4;9.39:4;9.47:4;9.57:4;9.65:4;9.65:4;9.65:4;9.65:4;9.65:4;9.65:4;9.65:4;9.67:16;9.74:16;9.86:8;10.20:8;10.23:8;10.26:8;10.29:8;10.32:8;10.35:8;9.58:8;8.80:8;8.02:8;7.26:8;6.48:8;5.70:8;4.92:8;4.15:8;3.37:8;2.59:8;2.49:8;2.38:8;2.28:8;2.17:8;2.07:8;1.96:8;1.87:8;1.76:8;1.66:8;1.55:8;1.45:8;1.34:8;1.24:8;1.14:8;1.04:8;0.93:8;0.83:8;0.72:8;0.62:8;0.51:8;0.42:8;0.32:8;0.21:8;0.11:4;0.00:4;
56;0.00:4;1.31:16;2.61:16;3.93:16;5.23:16;5.93:4;6.66:4;7.37:4;8.10:4;8.30:4;8.49:4;8.69:4;8.89:4;9.01:4;9.12:4;9.24:4;9.36:4;9.45:4;9.53:4;9.63:4;9.71:4;9.72:4;9.72:4;9.73:4;9.74:4;9.74:4;9.75:4;9.79:16;9.87:16;9.94:16;10.28:8;10.31:8;10.35:8;10.38:8;10.42:8;10.46:8;9.67:8;8.88:8;8.11:8;7.32:8;6.53:8;5.75:8;4.97:8;4.18:8;3.40:8;2.61:8;2.51:8;2.40:8;2.30:8;2.19:8;2.09:8;1.98:8;1.88:8;1.77:8;1.67:8;1.56:8;1.46:8;1.35:8;1.26:8;1.16:8;1.05:8;0.95:8;0.84:8;0.74:8;0.63:8;0.53:8;0.42:8;0.32:8;0.21:8;0.11:4;0.00:4;
57;0.00:4;1.32:16;2.65:16;3.97:16;5.28:16;5.97:4;6.70:4;7.42:4;8.14:4;8.34:4;8.54:4;8.74:4;8.94:4;9.06:4;9.18:4;9.29:4;9.42:4;9.50:4;9.60:4;9.68:4;9.78:4;9.79:4;9.80:4;9.82:4;9.83:4;9.84:4;9.85:4;9.91:16;9.99:16;10.06:16;10.36:8;10.41:8;10.44:8;10.48:8;10.51:8;10.55:8;9.75:8;8.97:8;8.18:8;7.38:8;6.59:8;5.81:8;5.01:8;4.22:8;3.43:8;2.64:8;2.53:8;2.43:8;2.32:8;2.22:8;2.11:8;2.01:8;1.90:8;1.80:8;1.69:8;1.59:8;1.48:8;1.38:8;1.27:8;1.17:8;1.05:8;0.95:8;0.84:8;0.74:8;0.63:8;0.53:8;0.42:8;0.32:8;0.21:8;0.11:4;0.00:4;
58;0.00:4;1.33:16;2.67:16;4.00:16;5.34:16;6.02:4;6.74:4;7.47:4;8.19:4;8.39:4;8.59:4;8.79:4;8.99:4;9.10:4;9.23:4;9.35:4;9.47:4;9.57:4;9.65:4;9.74:4;9.84:4;9.85:4;9.87:4;9.89:4;9.91:4;9.93:4;9.95:4;10.03:16;10.10:16;10.19:16;10.45:8;10.49:8;10.53:8;10.56:8;10.61:8;10.65:8;9.85:8;9.05:8;8.25:8;7.46:8;6.66:8;5.86:8;5.06:8;4.26:8;3.47:8;2.66:8;2.55:8;2.45:8;2.34:8;2.24:8;2.13:8;2.03:8;1.92:8;1.81:8;1.70:8;1.60:8;1.49:8;1.39:8;1.28:8;1.18:8;1.06:8;0.96:8;0.85:8;0.75:8;0.64:8;0.54:8;0.43:8;0.32:4;0.21:4;0.11:4;0.00:4;
59;0.00:4;1.35:16;2.70:16;4.04:16;5.40:16;6.07:16;6.78:4;7.51:4;8.23:4;8.43:4;8.63:4;8.83:4;9.03:4;9.16:4;9.28:4;9.41:4;9.53:4;9.62:4;9.71:4;9.81:4;9.89:4;9.92:4;9.94:4;9.98:4;10.01:4;10.03:4;10.06:4;10.14:16;10.22:16;10.30:16;10.53:8;10.57:8;10.62:8;10.66:8;10.70:8;10.74:8;9.93:8;9.12:8;8.33:8;7.52:8;6.71:8;5.91:8;5.10:8;4.29:8;3.49:8;2.69:8;2.58:8;2.47:8;2.36:8;2.26:8;2.15:8;2.04:8;1.93:8;1.83:8;1.72:8;1.61:8;1.50:8;1.40:8;1.29:8;1.19:8;1.07:8;0.97:8;0.86:8;0.76:8;0.64:8;0.54:8;0.43:8;0.33:8;0.21:4;0.11:4;0.00:4;
60;0.00:4;1.37:16;2.73:16;4.08:16;5.45:16;6.13:16;6.83:4;7.55:4;8.27:4;8.47:4;8.67:4;8.87:4;9.07:4;9.20:4;9.33:4;9.46:4;9.59:4;9.68:4;9.78:4;9.86:4;9.95:4;9.99:4;10.02:4;10.06:4;10.09:4;10.12:4;10.17:16;10.26:16;10.34:16;10.42:16;10.62:8;10.66:8;10.70:8;10.75:8;10.79:8;10.84:8;10.03:8;9.21:8;8.40:8;7.58:8;6.77:8;5.96:8;5.15:8;4.34:8;3.52:8;2.71:8;2.60:8;2.49:8;2.38:8;2.28:8;2.16:8;2.06:8;1.95:8;1.84:8;1.73:8;1.63:8;1.52:8;1.41:8;1.30:8;1.20:8;1.08:8;0.98:8;0.87:8;0.76:8;0.65:8;0.55:8;0.43:8;0.33:8;0.22:8;0.11:4;0.00:4;
61;0.00:4;1.38:16;2.74:16;4.12:16;5.48:16;6.16:16;6.86:16;7.57:4;8.30:4;8.51:4;8.70:4;8.91:4;9.11:4;9.25:4;9.38:4;9.50:4;9.64:4;9.73:4;9.83:4;9.92:4;10.02:4;10.05:4;10.09:4;10.13:4;10.16:4;10.21:4;10.27:16;10.35:16;10.44:16;10.52:16;10.72:8;10.76:8;10.82:8;10.86:8;10.91:8;10.96:8;10.13:8;9.31:8;8.49:8;7.68:8;6.85:8;6.03:8;5.21:8;4.38:8;3.56:8;2.74:8;2.64:8;2.52:8;2.42:8;2.30:8;2.19:8;2.08:8;1.97:8;1.86:8;1.75:8;1.65:8;1.53:8;1.43:8;1.31:8;1.21:8;1.09:8;0.99:8;0.88:8;0.77:8;0.66:8;0.55:8;0.44:8;0.33:4;0.22:8;0.11:4;0.00:4;
62;0.00:4;1.38:16;2.76:16;4.14:16;5.51:16;6.21:16;6.89:16;7.59:4;8.33:4;8.54:4;8.75:4;8.95:4;9.16:4;9.29:4;9.42:4;9.56:4;9.68:4;9.79:4;9.88:4;9.98:4;10.08:4;10.12:4;10.16:4;10.21:4;10.25:4;10.29:4;10.36:16;10.45:16;10.53:16;10.63:16;10.82:8;10.87:8;10.92:8;10.97:8;11.03:8;11.08:8;10.25:8;9.42:8;8.59:8;7.76:8;6.93:8;6.09:8;5.26:8;4.43:8;3.60:8;2.77:8;2.66:8;2.55:8;2.44:8;2.33:8;2.22:8;2.11:8;2.00:8;1.88:8;1.77:8;1.66:8;1.55:8;1.44:8;1.33:8;1.22:8;1.11:8;1.00:8;0.88:8;0.78:8;0.66:8;0.56:8;0.44:8;0.34:8;0.22:4;0.12:8;0.00:4;
63;0.00:4;1.39:16;2.77:16;4.16:16;5.55:16;6.24:16;6.93:16;7.62:4;8.35:4;8.57:4;8.78:4;8.99:4;9.20:4;9.33:4;9.47:4;9.60:4;9.73:4;9.83:4;9.93:4;10.04:4;10.13:4;10.19:4;10.23:4;10.28:4;10.32:4;10.37:4;10.45:16;10.54:16;10.64:16;10.72:16;10.92:8;10.97:8;11.04:8;11.09:8;11.15:8;11.20:8;10.36:8;9.52:8;8.68:8;7.84:8;7.00:8;6.16:8;5.32:8;4.48:8;3.64:8;2.80:8;2.69:8;2.57:8;2.47:8;2.35:8;2.24:8;2.13:8;2.02:8;1.90:8;1.80:8;1.68:8;1.56:8;1.46:8;1.34:8;1.23:8;1.12:8;1.01:8;0.89:8;0.79:8;0.67:8;0.56:8;0.45:8;0.34:8;0.22:4;0.12:8;0.00:4;
64;0.00:4;1.40:16;2.79:16;4.19:16;5.59:16;6.28:16;6.97:16;7.67:16;8.38:4;8.59:4;8.81:4;9.03:4;9.24:4;9.38:4;9.51:4;9.65:4;9.78:4;9.88:4;9.99:4;10.09:4;10.20:4;10.25:4;10.30:4;10.35:4;10.41:4;10.46:4;10.54:16;10.64:16;10.73:16;10.83:16;11.03:8;11.09:8;11.14:8;11.20:8;11.27:8;11.32:8;10.48:8;9.63:8;8.78:8;7.93:8;7.08:8;6.23:8;5.38:8;4.53:8;3.69:8;2.84:8;2.72:8;2.60:8;2.49:8;2.38:8;2.27:8;2.15:8;2.04:8;1.92:8;1.82:8;1.70:8;1.59:8;1.47:8;1.35:8;1.25:8;1.13:8;1.02:8;0.90:8;0.80:8;0.68:8;0.57:8;0.45:8;0.34:4;0.23:8;0.12:4;0.00:4;
65;0.00:4;1.41:16;2.81:16;4.21:16;5.62:16;6.31:16;7.01:16;7.71:16;8.40:4;8.62:4;8.84:4;9.06:4;9.29:4;9.43:16;9.57:16;9.70:16;9.84:16;9.93:4;10.05:4;10.15:4;10.26:4;10.31:4;10.37:4;10.43:4;10.48:4;10.54:4;10.63:16;10.73:16;10.83:16;10.93:16;11.13:8;11.19:8;11.26:8;11.32:8;11.38:8;11.45:8;10.58:8;9.73:8;8.87:8;8.01:8;7.15:8;6.30:8;5.44:8;4.58:8;3.72:8;2.87:8;2.75:8;2.64:8;2.52:8;2.40:8;2.29:8;2.17:8;2.06:8;1.94:8;1.83:8;1.72:8;1.61:8;1.49:8;1.38:8;1.26:8;1.14:8;1.03:8;0.91:8;0.80:8;0.68:8;0.58:8;0.46:8;0.35:8;0.23:8;0.12:4;0.00:4;
66;0.00:4;1.42:16;2.82:16;4.24:16;5.65:16;6.34:16;7.04:16;7.73:16;8.42:16;8.65:16;8.88:16;9.10:16;9.33:16;9.47:16;9.61:16;9.74:16;9.89:16;9.99:4;10.10:4;10.21:4;10.32:4;10.38:4;10.45:4;10.52:4;10.58:4;10.65:4;10.72:4;10.78:4;10.89:16;10.98:16;11.22:8;11.30:8;11.36:8;11.43:8;11.50:8;11.57:8;10.70:8;9.83:8;8.97:8;8.10:8;7.23:8;6.36:8;5.49:8;4.63:8;3.76:8;2.89:8;2.77:8;2.66:8;2.54:8;2.43:8;2.31:8;2.19:8;2.08:8;1.96:8;1.85:8;1.73:8;1.62:8;1.50:8;1.39:8;1.27:8;1.16:8;1.04:8;0.92:8;0.81:8;0.69:8;0.58:8;0.46:8;0.35:8;0.23:4;0.12:4;0.00:4;
67;0.00:4;1.42:16;2.85:16;4.26:16;5.68:16;6.37:16;7.07:16;7.76:16;8.45:16;8.68:16;8.91:16;9.15:16;9.38:16;9.51:16;9.65:16;9.80:16;9.93:16;10.04:4;10.15:4;10.27:4;10.38:4;10.46:4;10.53:4;10.61:4;10.69:4;10.76:4;10.84:4;10.91:4;10.99:4;11.07:4;11.33:8;11.40:8;11.48:8;11.55:8;11.61:8;11.69:8;10.82:8;9.93:8;9.06:8;8.18:8;7.31:8;6.43:8;5.55:8;4.67:8;3.80:8;2.92:8;2.80:8;2.69:8;2.57:8;2.46:8;2.34:8;2.23:8;2.10:8;1.98:8;1.87:8;1.75:8;1.64:8;1.52:8;1.41:8;1.29:8;1.17:8;1.05:8;0.93:8;0.82:8;0.70:8;0.59:8;0.47:8;0.35:4;0.23:4;0.12:4;0.00:4;
68;0.00:4;1.43:16;2.86:16;4.29:16;5.72:16;6.41:16;7.10:16;7.79:16;8.47:16;8.72:16;8.95:16;9.18:16;9.42:16;9.56:16;9.70:16;9.84:16;9.98:4;10.09:4;10.21:4;10.32:4;10.44:4;10.53:4;10.62:4;10.70:4;10.78:4;10.88:4;10.96:4;11.05:4;11.13:4;11.22:4;11.43:8;11.51:8;11.58:8;11.66:8;11.74:8;11.81:8;10.92:8;10.04:8;9.16:8;8.26:8;7.38:8;6.50:8;5.61:8;4.73:8;3.84:8;2.95:8;2.84:8;2.72:8;2.60:8;2.48:8;2.36:8;2.25:8;2.12:8;2.01:8;1.89:8;1.77:8;1.66:8;1.53:8;1.42:8;1.30:8;1.19:8;1.06:8;0.95:8;0.83:8;0.71:8;0.59:4;0.47:8;0.36:8;0.24:8;0.12:4;0.00:4;
69;0.00:4;1.44:16;2.88:16;4.32:16;5.75:16;6.44:16;7.13:16;7.81:16;8.51:16;8.74:16;8.98:16;9.22:16;9.46:16;9.60:16;9.74:16;9.88:16;10.03:16;10.14:4;10.26:4;10.38:4;10.50:4;10.59:4;10.70:4;10.79:4;10.89:4;10.98:4;11.09:4;11.18:4;11.28:4;11.37:4;11.53:8;11.61:8;11.70:8;11.77:8;11.85:8;11.93:8;11.04:8;10.14:8;9.25:8;8.36:8;7.46:8;6.56:8;5.67:8;4.78:8;3.87:8;2.98:8;2.87:8;2.74:8;2.63:8;2.51:8;2.38:8;2.27:8;2.15:8;2.03:8;1.91:8;1.80:8;1.67:8;1.55:8;1.43:8;1.31:8;1.20:8;1.07:8;0.96:8;0.84:8;0.71:4;0.60:8;0.47:4;0.36:4;0.24:4;0.12:4;0.00:4;
70;0.00:4;1.45:16;2.90:16;4.34:16;5.79:16;6.47:16;7.16:16;7.84:16;8.53:16;8.77:16;9.02:16;9.26:16;9.50:16;9.65:16;9.79:16;9.93:16;10.07:4;10.20:4;10.32:4;10.44:4;10.56:4;10.67:4;10.77:4;10.89:4;10.99:4;11.10:4;11.20:4;11.31:4;11.42:4;11.53:4;11.63:4;11.72:8;11.80:8;11.89:8;11.97:8;12.05:8;11.15:8;10.25:8;9.35:8;8.44:8;7.54:8;6.63:8;5.72:8;4.82:8;3.92:8;3.01:8;2.90:8;2.77:8;2.66:8;2.53:8;2.42:8;2.29:8;2.17:8;2.05:8;1.93:8;1.81:8;1.69:8;1.56:8;1.45:8;1.32:4;1.21:8;1.08:4;0.97:8;0.84:4;0.72:4;0.60:4;0.48:4;0.36:4;0.24:4;0.13:8;0.00:4;
71;0.00:4;1.45:16;2.90:16;4.35:16;5.80:16;6.49:16;7.17:16;7.85:16;8.55:16;8.79:16;9.04:16;9.29:16;9.53:16;9.68:16;9.83:16;9.98:16;10.12:16;10.22:4;10.35:4;10.50:4;10.64:4;10.74:4;10.86:4;10.97:4;11.09:4;11.19:4;11.31:4;11.42:4;11.54:4;11.64:4;11.76:4;11.83:4;11.92:8;12.01:8;12.11:8;12.20:8;11.29:8;10.36:8;9.45:8;8.54:8;7.62:8;6.71:8;5.80:8;4.88:8;3.97:8;3.05:8;2.93:8;2.80:8;2.69:8;2.56:8;2.44:8;2.32:8;2.19:8;2.08:8;1.95:8;1.83:8;1.71:8;1.59:8;1.46:8;1.34:8;1.22:8;1.10:8;0.98:8;0.85:4;0.74:8;0.61:4;0.49:8;0.37:4;0.24:4;0.13:4;0.00:4;
72;0.00:4;1.45:16;2.91:16;4.36:16;5.81:16;6.50:16;7.19:16;7.88:16;8.57:16;8.82:16;9.07:16;9.32:16;9.58:16;9.72:16;9.87:16;10.02:16;10.16:16;10.25:4;10.40:4;10.55:4;10.70:4;10.82:4;10.94:4;11.06:4;11.17:4;11.30:4;11.41:4;11.53:4;11.64:4;11.77:4;11.89:4;11.96:4;12.03:4;12.13:8;12.23:8;12.34:8;11.41:8;10.49:8;9.57:8;8.64:8;7.72:8;6.79:8;5.86:8;4.94:8;4.01:8;3.09:8;2.96:8;2.84:8;2.72:8;2.59:8;2.47:8;2.34:8;2.23:8;2.10:8;1.97:8;1.85:8;1.73:8;1.61:8;1.48:8;1.35:8;1.24:8;1.11:8;0.99:8;0.86:4;0.75:8;0.62:8;0.49:4;0.37:4;0.25:8;0.13:4;0.00:4;
73;0.00:4;1.46:16;2.91:16;4.37:16;5.83:16;6.51:16;7.20:16;7.90:16;8.58:16;8.84:16;9.09:16;9.36:16;9.61:16;9.77:16;9.91:16;10.07:16;10.22:16;10.27:4;10.44:4;10.61:4;10.77:4;10.89:4;11.01:4;11.14:4;11.27:4;11.39:4;11.52:4;11.64:4;11.76:4;11.89:4;12.01:4;12.09:4;12.16:4;12.25:8;12.37:8;12.48:8;11.55:8;10.62:8;9.68:8;8.74:8;7.80:8;6.87:8;5.93:8;5.00:8;4.06:8;3.12:8;2.99:8;2.88:8;2.75:8;2.63:8;2.50:8;2.37:8;2.25:8;2.12:8;2.00:8;1.87:8;1.75:8;1.63:8;1.50:8;1.38:8;1.25:8;1.12:8;1.00:8;0.87:4;0.75:4;0.62:4;0.50:8;0.38:8;0.25:4;0.13:4;0.00:4;
74;0.00:4;1.46:16;2.92:16;4.38:16;5.84:16;6.53:16;7.22:16;7.91:16;8.60:16;8.86:16;9.12:16;9.39:16;9.65:16;9.80:16;9.95:16;10.11:16;10.27:16;10.32:16;10.48:4;10.66:4;10.84:4;10.96:4;11.10:4;11.22:4;11.36:4;11.49:4;11.61:4;11.75:4;11.88:4;12.01:4;12.14:4;12.21:4;12.29:4;12.37:8;12.51:8;12.63:8;11.69:8;10.73:8;9.79:8;8.84:8;7.90:8;6.95:8;6.00:8;5.05:8;4.11:8;3.16:8;3.03:8;2.91:8;2.78:8;2.66:8;2.53:8;2.40:8;2.28:8;2.15:8;2.02:8;1.89:8;1.76:8;1.64:8;1.51:8;1.39:8;1.26:8;1.13:8;1.01:8;0.88:8;0.76:4;0.63:4;0.50:4;0.38:4;0.25:4;0.13:4;0.00:4;
75;0.00:4;1.46:16;2.93:16;4.39:16;5.85:16;6.54:16;7.23:16;7.93:16;8.62:16;8.88:16;9.16:16;9.42:16;9.68:16;9.84:16;10.00:16;10.15:16;10.32:16;10.36:16;10.52:4;10.71:4;10.91:4;11.04:4;11.17:4;11.31:4;11.45:4;11.58:4;11.72:4;11.85:4;11.99:4;12.13:4;12.26:4;12.34:4;12.41:4;12.50:8;12.63:8;12.78:8;11.81:8;10.86:8;9.90:8;8.95:8;7.98:8;7.02:8;6.07:8;5.11:8;4.15:8;3.19:8;3.07:8;2.94:8;2.81:8;2.69:8;2.55:8;2.43:8;2.30:8;2.17:8;2.05:8;1.92:8;1.79:8;1.66:8;1.53:8;1.41:8;1.28:8;1.16:8;1.02:8;0.89:8;0.77:8;0.64:8;0.51:8;0.39:8;0.25:4;0.13:4;0.00:4;
76;0.00:4;1.47:16;2.93:16;4.40:16;5.86:16;6.55:16;7.26:16;7.95:16;8.64:16;8.91:16;9.18:16;9.45:16;9.71:16;9.88:16;10.04:16;10.21:16;10.36:16;10.42:16;10.57:4;10.77:4;10.97:4;11.12:4;11.26:4;11.40:4;11.54:4;11.69:4;11.82:4;11.97:4;12.11:4;12.25:4;12.39:4;12.46:4;12.54:4;12.62:8;12.77:8;12.92:8;11.95:8;10.98:8;10.01:8;9.04:8;8.07:8;7.11:8;6.13:8;5.17:8;4.20:8;3.23:8;3.10:8;2.97:8;2.85:8;2.71:8;2.58:8;2.46:8;2.33:8;2.19:8;2.07:8;1.94:8;1.81:8;1.68:8;1.55:8;1.42:8;1.29:8;1.17:8;1.03:8;0.90:8;0.78:8;0.65:8;0.51:4;0.39:4;0.26:8;0.13:4;0.00:4;
77;0.00:4;1.47:16;2.94:16;4.41:16;5.87:16;6.57:16;7.27:16;7.96:16;8.66:16;8.94:16;9.21:16;9.48:16;9.75:16;9.92:16;10.08:16;10.25:16;10.42:16;10.47:16;10.62:4;10.83:4;11.05:4;11.19:4;11.34:4;11.49:4;11.63:4;11.78:4;11.93:4;12.08:4;12.22:4;12.37:4;12.52:4;12.59:4;12.66:4;12.75:4;12.90:8;13.06:8;12.09:8;11.10:8;10.12:8;9.15:8;8.16:8;7.18:8;6.21:8;5.23:8;4.24:8;3.27:8;3.14:8;3.00:8;2.88:8;2.74:8;2.61:8;2.48:8;2.35:8;2.22:8;2.09:8;1.96:8;1.83:8;1.70:8;1.56:8;1.44:8;1.30:8;1.18:8;1.05:8;0.91:8;0.79:8;0.65:8;0.53:8;0.39:4;0.26:4;0.14:8;0.00:4;
78;0.00:4;1.47:16;2.94:16;4.42:16;5.89:16;6.58:16;7.29:16;7.98:16;8.67:16;8.96:16;9.23:16;9.51:16;9.79:16;9.95:16;10.12:16;10.30:16;10.47:16;10.52:16;10.67:4;10.89:4;11.11:4;11.27:4;11.41:4;11.57:4;11.72:4;11.88:4;12.03:4;12.18:4;12.34:4;12.48:4;12.64:4;12.72:4;12.79:4;12.87:4;13.03:8;13.21:8;12.21:8;11.22:8;10.24:8;9.24:8;8.25:8;7.27:8;6.27:8;5.28:8;4.29:8;3.30:8;3.17:8;3.03:8;2.91:8;2.77:8;2.65:8;2.51:8;2.37:8;2.25:8;2.11:8;1.98:8;1.85:8;1.72:8;1.59:8;1.45:8;1.32:8;1.19:8;1.06:8;0.92:8;0.80:8;0.66:8;0.53:4;0.40:8;0.26:4;0.14:8;0.00:4;
79;0.00:4;1.47:16;2.95:16;4.42:16;5.90:16;6.59:16;7.30:16;8.00:16;8.69:16;8.98:16;9.26:16;9.54:16;9.83:16;10.00:16;10.17:16;10.34:16;10.51:16;10.56:16;10.72:4;10.95:4;11.18:4;11.34:4;11.50:4;11.66:4;11.81:4;11.97:4;12.13:4;12.30:4;12.45:4;12.61:4;12.77:4;12.84:4;12.93:4;13.00:4;13.17:8;13.35:8;12.35:8;11.35:8;10.34:8;9.35:8;8.35:8;7.34:8;6.34:8;5.34:8;4.34:8;3.34:8;3.20:8;3.07:8;2.94:8;2.80:8;2.67:8;2.54:8;2.40:8;2.27:8;2.13:8;2.01:8;1.87:8;1.73:8;1.61:8;1.47:8;1.33:8;1.20:8;1.07:8;0.93:8;0.80:8;0.67:8;0.54:8;0.40:4;0.26:4;0.14:4;0.00:4;
80;0.00:4;1.48:16;2.96:16;4.43:16;5.91:16;6.62:16;7.32:16;8.01:16;8.72:16;9.00:16;9.29:16;9.58:16;9.86:16;10.04:16;10.22:16;10.38:16;10.56:16;10.62:16;10.77:4;11.00:4;11.25:4;11.41:4;11.57:4;11.74:4;11.91:4;12.08:4;12.23:4;12.40:4;12.57:4;12.73:4;12.89:4;12.97:4;13.05:4;13.13:4;13.29:8;13.49:8;12.48:8;11.47:8;10.46:8;9.45:8;8.43:8;7.42:8;6.41:8;5.40:8;4.39:8;3.37:8;3.23:8;3.11:8;2.97:8;2.84:8;2.70:8;2.56:8;2.43:8;2.29:8;2.16:8;2.03:8;1.89:8;1.75:8;1.62:8;1.48:8;1.35:8;1.22:8;1.08:8;0.95:8;0.81:8;0.67:8;0.54:4;0.41:8;0.27:8;0.14:4;0.00:4;
81;0.00:4;1.48:16;2.96:16;4.44:16;5.92:16;6.63:16;7.33:16;8.03:16;8.73:16;9.02:16;9.30:16;9.60:16;9.88:16;10.07:16;10.25:16;10.43:16;10.62:16;10.67:16;10.82:4;11.07:4;11.32:4;11.50:4;11.67:4;11.84:4;12.01:4;12.18:4;12.36:4;12.53:4;12.71:4;12.87:4;13.04:4;13.13:4;13.20:4;13.28:4;13.46:8;13.67:8;12.64:8;11.62:8;10.59:8;9.57:8;8.55:8;7.52:8;6.49:8;5.47:8;4.44:8;3.41:8;3.28:8;3.14:8;3.00:8;2.87:8;2.73:8;2.59:8;2.46:8;2.32:8;2.18:8;2.05:8;1.91:8;1.77:8;1.64:8;1.50:8;1.37:8;1.23:8;1.09:8;0.96:8;0.82:8;0.68:8;0.55:8;0.41:8;0.27:4;0.14:4;0.00:4;
82;0.00:4;1.48:16;2.96:16;4.45:16;5.93:16;6.64:16;7.34:16;8.04:16;8.75:16;9.03:16;9.32:16;9.61:16;9.90:16;10.09:16;10.28:16;10.48:16;10.67:16;10.72:16;10.91:32;11.14:32;11.40:4;11.58:4;11.76:4;11.94:4;12.12:4;12.30:4;12.47:4;12.66:4;12.84:4;13.02:4;13.20:4;13.27:4;13.36:4;13.43:4;13.62:8;13.85:8;12.81:8;11.77:8;10.73:8;9.69:8;8.65:8;7.61:8;6.57:8;5.53:8;4.50:8;3.47:8;3.33:8;3.18:8;3.05:8;2.91:8;2.77:8;2.64:8;2.49:8;2.35:8;2.22:8;2.08:8;1.94:8;1.81:8;1.66:8;1.52:8;1.39:8;1.25:8;1.11:8;0.97:8;0.83:8;0.69:8;0.56:8;0.42:8;0.27:4;0.14:4;0.00:4;
83;0.00:4;1.48:16;2.97:16;4.45:16;5.93:16;6.65:16;7.35:16;8.05:16;8.76:16;9.05:16;9.35:16;9.63:16;9.92:16;10.12:16;10.32:16;10.52:16;10.71:16;10.78:32;11.01:32;11.26:32;11.50:32;11.67:4;11.85:4;12.04:4;12.22:4;12.41:4;12.60:4;12.79:4;12.98:4;13.16:4;13.35:4;13.43:4;13.50:4;13.59:4;13.78:8;14.02:8;12.97:8;11.92:8;10.87:8;9.82:8;8.77:8;7.71:8;6.66:8;5.61:8;4.56:8;3.51:8;3.37:8;3.22:8;3.09:8;2.95:8;2.80:8;2.67:8;2.52:8;2.38:8;2.25:8;2.10:8;1.96:8;1.83:8;1.68:8;1.54:8;1.41:8;1.26:8;1.12:8;0.99:8;0.84:8;0.70:8;0.56:8;0.42:8;0.28:8;0.14:4;0.00:4;
84;0.00:4;1.49:16;2.97:16;4.46:16;5.94:16;6.66:16;7.36:16;8.06:16;8.78:16;9.07:16;9.36:16;9.65:16;9.94:16;10.15:16;10.35:16;10.56:16;10.76:16;10.89:32;11.13:32;11.37:32;11.60:32;11.75:4;11.95:4;12.14:4;12.34:4;12.53:4;12.73:4;12.92:4;13.11:4;13.30:4;13.50:4;13.58:4;13.66:4;13.74:4;13.93:8;14.20:8;13.14:8;12.06:8;11.00:8;9.94:8;8.87:8;7.81:8;6.74:8;5.68:8;4.61:8;3.55:8;3.41:8;3.27:8;3.13:8;2.98:8;2.84:8;2.70:8;2.55:8;2.42:8;2.27:8;2.13:8;1.98:8;1.85:8;1.70:8;1.56:8;1.42:8;1.28:8;1.13:8;1.00:8;0.85:8;0.71:8;0.57:8;0.43:8;0.28:4;0.15:8;0.00:4;
85;0.00:4;1.49:16;2.98:16;4.46:16;5.95:16;6.67:16;7.37:16;8.09:16;8.79:16;9.08:16;9.38:16;9.67:16;9.96:16;10.17:16;10.40:16;10.61:16;10.82:16;10.99:32;11.24:32;11.48:32;11.72:32;11.84:32;12.03:4;12.24:4;12.44:4;12.64:4;12.84:4;13.04:4;13.25:4;13.45:4;13.65:4;13.73:4;13.82:4;13.89:4;14.09:8;14.37:8;13.29:8;12.22:8;11.14:8;10.06:8;8.99:8;7.91:8;6.83:8;5.75:8;4.67:8;3.59:8;3.45:8;3.31:8;3.16:8;3.02:8;2.88:8;2.73:8;2.58:8;2.45:8;2.30:8;2.15:8;2.02:8;1.87:8;1.72:8;1.59:8;1.44:8;1.29:8;1.16:8;1.01:8;0.86:8;0.71:8;0.58:8;0.43:8;0.28:4;0.15:8;0.00:4;
86;0.00:4;1.49:16;2.98:16;4.47:16;5.96:16;6.68:16;7.38:16;8.10:16;8.80:16;9.10:16;9.40:16;9.69:16;9.99:16;10.21:16;10.43:16;10.65:16;10.87:16;11.06:32;11.30:32;11.55:32;11.79:32;11.92:4;12.13:4;12.34:4;12.55:4;12.76:4;12.97:4;13.18:4;13.39:4;13.60:4;13.80:4;13.88:4;13.97:4;14.05:4;14.25:8;14.55:8;13.46:8;12.37:8;11.28:8;10.19:8;9.09:8;8.00:8;6.91:8;5.82:8;4.73:8;3.63:8;3.50:8;3.35:8;3.20:8;3.06:8;2.91:8;2.76:8;2.61:8;2.48:8;2.33:8;2.18:8;2.04:8;1.89:8;1.74:8;1.60:8;1.46:8;1.31:8;1.17:8;1.02:8;0.87:8;0.72:8;0.59:8;0.44:8;0.29:8;0.15:4;0.00:4;
87;0.00:4;1.49:16;2.98:16;4.47:16;5.97:16;6.68:16;7.39:16;8.11:16;8.82:16;9.11:16;9.41:16;9.71:16;10.01:16;10.24:16;10.46:16;10.69:16;10.92:16;11.12:32;11.37:32;11.61:32;11.85:32;12.00:4;12.22:4;12.44:4;12.65:4;12.87:4;13.08:4;13.30:4;13.52:4;13.73:4;13.95:4;14.04:4;14.12:4;14.21:4;14.41:8;14.73:8;13.62:8;12.52:8;11.41:8;10.31:8;9.21:8;8.10:8;6.99:8;5.89:8;4.79:8;3.69:8;3.54:8;3.39:8;3.24:8;3.10:8;2.95:8;2.80:8;2.65:8;2.50:8;2.35:8;2.21:8;2.06:8;1.91:8;1.76:8;1.62:8;1.47:8;1.32:8;1.18:8;1.03:8;0.88:8;0.74:8;0.59:8;0.44:8;0.29:8;0.15:4;0.00:4;
88;0.00:4;1.49:16;2.99:16;4.48:16;5.97:16;6.69:16;7.40:16;8.12:16;8.83:16;9.14:16;9.43:16;9.73:16;10.03:16;10.26:16;10.50:16;10.73:16;10.96:16;11.19:32;11.43:32;11.68:32;11.93:32;12.10:4;12.32:4;12.54:4;12.76:4;12.99:4;13.21:4;13.43:4;13.66:4;13.88:4;14.10:4;14.19:4;14.27:4;14.35:4;14.56:8;14.90:8;13.79:8;12.67:8;11.55:8;10.44:8;9.31:8;8.20:8;7.08:8;5.96:8;4.84:8;3.73:8;3.58:8;3.43:8;3.28:8;3.13:8;2.98:8;2.84:8;2.69:8;2.53:8;2.38:8;2.24:8;2.09:8;1.94:8;1.79:8;1.64:8;1.49:8;1.34:8;1.20:8;1.04:8;0.89:8;0.75:8;0.60:8;0.45:8;0.29:4;0.15:4;0.00:4;
89;0.00:4;1.50:16;2.99:16;4.49:16;5.99:16;6.70:16;7.41:16;8.14:16;8.85:16;9.15:16;9.45:16;9.74:16;10.05:16;10.29:16;10.53:16;10.77:16;11.01:16;11.26:32;11.50:32;11.75:32;11.99:32;12.18:4;12.41:4;12.64:4;12.87:4;13.10:4;13.34:4;13.57:4;13.80:4;14.03:4;14.26:4;14.34:4;14.43:4;14.51:4;14.73:8;15.08:8;13.95:8;12.82:8;11.69:8;10.55:8;9.43:8;8.30:8;7.16:8;6.04:8;4.90:8;3.77:8;3.62:8;3.47:8;3.32:8;3.17:8;3.01:8;2.87:8;2.72:8;2.56:8;2.42:8;2.26:8;2.11:8;1.96:8;1.81:8;1.66:8;1.51:8;1.35:8;1.21:8;1.06:8;0.90:8;0.76:8;0.60:8;0.45:8;0.30:8;0.15:4;0.00:4;
90;0.00:4;1.50:16;3.00:16;4.49:16;6.00:16;6.71:16;7.43:16;8.15:16;8.86:16;9.17:16;9.47:16;9.77:16;10.07:16;10.32:16;10.57:16;10.82:16;11.07:16;11.32:32;11.56:32;11.81:32;12.06:32;12.26:4;12.50:4;12.74:4;12.98:4;13.22:4;13.45:4;13.69:4;13.93:4;14.16:4;14.41:4;14.49:4;14.58:4;14.67:4;14.89:8;15.26:8;14.11:8;12.97:8;11.82:8;10.68:8;9.53:8;8.39:8;7.25:8;6.10:8;4.96:8;3.81:8;3.66:8;3.51:8;3.36:8;3.20:8;3.06:8;2.90:8;2.75:8;2.59:8;2.45:8;2.29:8;2.13:8;1.98:8;1.83:8;1.68:8;1.52:8;1.38:8;1.22:8;1.07:8;0.91:8;0.77:8;0.61:8;0.46:8;0.30:8;0.16:8;0.00:4;
91;0.00:4;1.50:16;3.00:16;4.50:16;6.01:16;6.73:16;7.44:16;8.17:16;8.88:16;9.18:16;9.48:16;9.78:16;10.08:16;10.34:32;10.59:32;10.86:32;11.12:32;11.37:32;11.62:32;11.88:32;12.14:32;12.35:4;12.59:4;12.83:4;13.07:4;13.31:4;13.56:4;13.80:4;14.04:4;14.29:4;14.53:4;14.62:4;14.70:4;14.79:4;15.00:8;15.38:8;14.23:8;13.07:8;11.93:8;10.77:8;9.62:8;8.46:8;7.31:8;6.15:8;5.00:8;3.84:8;3.70:8;3.54:8;3.38:8;3.23:8;3.08:8;2.92:8;2.77:8;2.61:8;2.46:8;2.31:8;2.15:8;2.01:8;1.85:8;1.69:8;1.54:8;1.39:8;1.23:8;1.08:8;0.92:8;0.77:8;0.62:8;0.46:8;0.30:4;0.16:8;0.00:4;
92;0.00:4;1.50:16;3.01:16;4.52:16;6.03:16;6.74:16;7.47:16;8.18:16;8.90:16;9.20:16;9.49:16;9.79:16;10.08:16;10.35:32;10.63:32;10.90:32;11.16:32;11.42:32;11.69:32;11.95:32;12.21:32;12.43:4;12.67:4;12.93:4;13.17:4;13.42:4;13.66:4;13.91:4;14.15:4;14.41:4;14.65:4;14.74:4;14.83:4;14.91:4;15.12:8;15.51:8;14.34:8;13.19:8;12.02:8;10.86:8;9.69:8;8.54:8;7.37:8;6.21:8;5.04:8;3.87:8;3.73:8;3.57:8;3.41:8;3.26:8;3.10:8;2.95:8;2.79:8;2.64:8;2.48:8;2.33:8;2.17:8;2.02:8;1.86:8;1.71:8;1.55:8;1.40:8;1.24:8;1.08:8;0.93:8;0.78:8;0.62:8;0.46:8;0.32:8;0.16:8;0.00:4;
93;0.00:4;1.51:16;3.02:16;4.53:16;6.04:16;6.76:16;7.49:16;8.20:16;8.93:16;9.22:16;9.50:16;9.80:16;10.09:16;10.37:32;10.66:32;10.93:32;11.21:32;11.48:32;11.75:32;12.01:32;12.27:32;12.52:4;12.77:4;13.02:4;13.26:4;13.51:4;13.77:4;14.02:4;14.27:4;14.52:4;14.77:4;14.86:4;14.95:4;15.04:4;15.25:8;15.63:8;14.47:8;13.29:8;12.12:8;10.95:8;9.78:8;8.60:8;7.42:8;6.26:8;5.08:8;3.91:8;3.75:8;3.60:8;3.44:8;3.29:8;3.13:8;2.97:8;2.81:8;2.66:8;2.50:8;2.34:8;2.19:8;2.04:8;1.88:8;1.72:8;1.56:8;1.41:8;1.25:8;1.09:8;0.93:8;0.79:8;0.63:8;0.47:8;0.32:8;0.16:4;0.00:4;
94;0.00:4;1.51:16;3.02:16;4.54:16;6.06:16;6.77:16;7.50:16;8.22:16;8.95:16;9.23:16;9.52:16;9.81:16;10.10:16;10.40:32;10.68:32;10.97:32;11.27:32;11.54:32;11.81:32;12.08:32;12.35:32;12.60:4;12.85:4;13.10:4;13.37:4;13.62:4;13.87:4;14.13:4;14.39:4;14.64:4;14.89:4;14.98:4;15.08:4;15.16:4;15.36:8;15.76:8;14.58:8;13.40:8;12.22:8;11.04:8;9.85:8;8.67:8;7.49:8;6.31:8;5.12:8;3.94:8;3.78:8;3.62:8;3.47:8;3.31:8;3.15:8;2.99:8;2.84:8;2.68:8;2.52:8;2.36:8;2.21:8;2.05:8;1.89:8;1.73:8;1.58:8;1.42:8;1.26:8;1.10:8;0.95:8;0.79:8;0.63:8;0.47:8;0.32:8;0.16:4;0.00:4;
95;0.00:4;1.52:16;3.03:16;4.56:16;6.07:16;6.79:16;7.52:16;8.24:16;8.97:16;9.25:16;9.53:16;9.82:16;10.11:16;10.41:32;10.71:32;11.01:32;11.32:32;11.59:32;11.87:32;12.15:32;12.42:4;12.68:4;12.94:4;13.20:4;13.46:4;13.72:4;13.98:4;14.24:4;14.50:4;14.75:4;15.02:4;15.11:4;15.19:4;15.29:4;15.48:8;15.90:8;14.70:8;13.51:8;12.32:8;11.13:8;9.93:8;8.74:8;7.55:8;6.35:8;5.17:8;3.97:8;3.81:8;3.65:8;3.50:8;3.34:8;3.18:8;3.02:8;2.86:8;2.70:8;2.54:8;2.38:8;2.23:8;2.07:8;1.91:8;1.75:8;1.59:8;1.43:8;1.27:8;1.11:8;0.96:8;0.80:8;0.64:8;0.47:8;0.32:4;0.16:4;0.00:4;
96;0.00:4;1.52:32;3.05:32;4.57:32;6.08:32;6.80:32;7.53:32;8.25:32;8.98:32;9.26:32;9.54:32;9.83:32;10.11:32;10.43:32;10.74:32;11.06:32;11.36:32;11.64:32;11.93:32;12.22:32;12.51:4;12.77:4;13.03:4;13.29:4;13.56:4;13.82:4;14.08:4;14.34:4;14.61:4;14.88:4;15.14:4;15.23:4;15.32:4;15.41:4;15.60:8;16.02:8;14.82:8;13.62:8;12.41:8;11.21:8;10.02:8;8.81:8;7.61:8;6.41:8;5.21:8;4.00:8;3.84:8;3.69:8;3.53:8;3.36:8;3.20:8;3.05:8;2.89:8;2.72:8;2.56:8;2.40:8;2.25:8;2.08:8;1.92:8;1.76:8;1.61:8;1.44:8;1.28:8;1.12:8;0.97:8;0.80:8;0.64:8;0.48:8;0.33:8;0.16:4;0.00:4;
97;0.00:4;1.52:32;3.05:32;4.58:32;6.10:32;6.83:32;7.55:32;8.27:32;9.00:32;9.28:32;9.57:32;9.84:32;10.12:32;10.45:32;10.76:32;11.09:32;11.41:32;11.71:32;12.00:32;12.29:32;12.58:4;12.85:4;13.11:4;13.39:4;13.65:4;13.92:4;14.19:4;14.46:4;14.72:4;14.99:4;15.26:4;15.35:4;15.45:4;15.53:4;15.72:8;16.15:8;14.93:8;13.72:8;12.52:8;11.30:8;10.09:8;8.88:8;7.67:8;6.46:8;5.25:8;4.03:8;3.87:8;3.72:8;3.55:8;3.39:8;3.23:8;3.07:8;2.91:8;2.74:8;2.58:8;2.43:8;2.26:8;2.10:8;1.94:8;1.77:8;1.62:8;1.45:8;1.29:8;1.13:8;0.97:8;0.81:8;0.65:8;0.48:8;0.33:8;0.16:4;0.00:4;
98;0.00:4;1.53:32;3.06:32;4.59:32;6.11:32;6.85:32;7.57:32;8.30:32;9.02:32;9.30:32;9.58:32;9.85:32;10.13:32;10.46:32;10.79:32;11.13:32;11.47:32;11.76:32;12.06:32;12.36:32;12.66:4;12.94:4;13.21:4;13.48:4;13.74:4;14.02:4;14.29:4;14.56:4;14.84:4;15.11:4;15.38:4;15.48:4;15.56:4;15.66:4;15.84:8;16.28:8;15.06:8;13.83:8;12.61:8;11.39:8;10.17:8;8.95:8;7.73:8;6.51:8;5.29:8;4.06:8;3.91:8;3.74:8;3.58:8;3.41:8;3.26:8;3.10:8;2.93:8;2.77:8;2.60:8;2.45:8;2.28:8;2.12:8;1.95:8;1.80:8;1.63:8;1.47:8;1.30:8;1.14:8;0.98:8;0.82:8;0.65:8;0.49:8;0.33:8;0.17:8;0.00:4;
99;0.00:4;1.53:32;3.07:32;4.60:32;6.13:32;6.86:32;7.58:32;8.32:32;9.04:32;9.31:32;9.59:32;9.86:32;10.13:32;10.48:32;10.83:32;11.17:32;11.51:32;11.82:32;12.13:32;12.43:32;12.74:4;13.02:4;13.29:4;13.57:4;13.85:4;14.12:4;14.40:4;14.68:4;14.95:4;15.23:4;15.50:4;15.59:4;15.69:4;15.78:4;15.96:8;16.40:8;15.17:8;13.94:8;12.71:8;11.48:8;10.25:8;9.02:8;7.79:8;6.56:8;5.33:8;4.11:8;3.94:8;3.77:8;3.61:8;3.44:8;3.28:8;3.12:8;2.95:8;2.79:8;2.63:8;2.46:8;2.30:8;2.13:8;1.96:8;1.81:8;1.64:8;1.48:8;1.31:8;1.14:8;0.99:8;0.82:8;0.66:8;0.49:8;0.33:4;0.17:8;0.00:4;
100;0.00:4;1.53:32;3.08:32;4.61:32;6.14:32;6.88:32;7.60:32;8.34:32;9.06:32;9.33:32;9.61:32;9.87:32;10.14:32;10.50:32;10.86:32;11.20:32;11.56:32;11.88:32;12.19:32;12.51:32;12.82:4;13.10:4;13.38:4;13.66:4;13.94:4;14.23:4;14.50:4;14.78:4;15.07:4;15.34:4;15.62:4;15.72:4;15.81:4;15.91:4;16.08:8;16.53:8;15.29:8;14.05:8;12.81:8;11.57:8;10.33:8;9.09:8;7.85:8;6.62:8;5.38:8;4.14:8;3.97:8;3.80:8;3.63:8;3.48:8;3.31:8;3.14:8;2.97:8;2.81:8;2.65:8;2.48:8;2.31:8;2.15:8;1.98:8;1.82:8;1.65:8;1.49:8;1.32:8;1.16:8;0.99:8;0.83:8;0.66:8;0.49:8;0.34:8;0.17:8;0.00:4;
101;0.00:4;1.53:32;3.07:32;4.60:32;6.14:32;6.87:32;7.60:32;8.33:32;9.06:32;9.33:32;9.62:32;9.89:32;10.17:32;10.52:32;10.88:32;11.22:32;11.57:32;11.91:32;12.23:32;12.56:32;12.89:4;13.18:4;13.46:4;13.74:4;14.03:4;14.31:4;14.60:4;14.88:4;15.16:4;15.45:4;15.73:4;15.82:4;15.92:4;16.01:4;16.18:8;16.65:8;15.40:8;14.15:8;12.90:8;11.66:8;10.41:8;9.16:8;7.91:8;6.66:8;5.41:8;4.16:8;4.00:8;3.83:8;3.66:8;3.50:8;3.33:8;3.16:8;2.99:8;2.84:8;2.67:8;2.50:8;2.33:8;2.16:8;2.00:8;1.83:8;1.67:8;1.50:8;1.33:8;1.17:8;1.00:8;0.83:8;0.67:8;0.50:8;0.34:8;0.17:8;0.00:4;
102;0.00:4;1.53:32;3.07:32;4.60:32;6.13:32;6.87:32;7.59:32;8.33:32;9.06:32;9.35:32;9.63:32;9.91:32;10.20:32;10.54:32;10.89:32;11.24:32;11.58:32;11.93:32;12.27:32;12.62:32;12.96:4;13.25:4;13.53:4;13.82:4;14.11:4;14.40:4;14.68:4;14.97:4;15.26:4;15.54:4;15.83:4;15.93:4;16.02:4;16.12:4;16.30:8;16.77:8;15.52:8;14.26:8;13.00:8;11.74:8;10.48:8;9.23:8;7.97:8;6.71:8;5.45:8;4.19:8;4.02:8;3.85:8;3.69:8;3.52:8;3.36:8;3.19:8;3.02:8;2.86:8;2.69:8;2.52:8;2.35:8;2.18:8;2.02:8;1.85:8;1.68:8;1.51:8;1.34:8;1.18:8;1.01:8;0.84:8;0.67:8;0.50:8;0.34:8;0.17:4;0.00:4;
103;0.00:4;1.53:32;3.07:32;4.60:32;6.13:32;6.86:32;7.59:32;8.33:32;9.05:32;9.35:32;9.64:32;9.93:32;10.23:32;10.57:32;10.91:32;11.26:32;11.60:32;11.96:32;12.32:32;12.67:32;13.03:4;13.32:4;13.61:4;13.90:4;14.19:4;14.48:4;14.77:4;15.06:4;15.35:4;15.65:4;15.93:4;16.03:4;16.13:4;16.22:4;16.40:8;16.89:8;15.62:8;14.36:8;13.09:8;11.82:8;10.56:8;9.29:8;8.02:8;6.76:8;5.49:8;4.22:8;4.05:8;3.89:8;3.72:8;3.55:8;3.38:8;3.21:8;3.05:8;2.88:8;2.70:8;2.53:8;2.36:8;2.19:8;2.03:8;1.86:8;1.69:8;1.52:8;1.35:8;1.19:8;1.02:8;0.84:8;0.67:8;0.50:8;0.34:8;0.17:4;0.00:4;
104;0.00:4;1.53:32;3.07:32;4.59:32;6.12:32;6.86:32;7.59:32;8.32:32;9.05:32;9.36:32;9.66:32;9.95:32;10.26:32;10.59:32;10.93:32;11.28:32;11.61:32;11.98:32;12.36:32;12.73:32;13.09:4;13.39:4;13.68:4;13.98:4;14.27:4;14.56:4;14.86:4;15.15:4;15.45:4;15.74:4;16.03:4;16.13:4;16.23:4;16.33:4;16.51:8;17.02:8;15.74:8;14.47:8;13.19:8;11.92:8;10.64:8;9.37:8;8.09:8;6.80:8;5.53:8;4.25:8;4.08:8;3.92:8;3.75:8;3.57:8;3.40:8;3.23:8;3.07:8;2.90:8;2.72:8;2.55:8;2.38:8;2.22:8;2.05:8;1.87:8;1.70:8;1.53:8;1.37:8;1.20:8;1.02:8;0.85:8;0.68:8;0.51:8;0.35:8;0.17:4;0.00:4;
105;0.00:4;1.53:32;3.06:32;4.59:32;6.12:32;6.85:32;7.58:32;8.32:32;9.05:32;9.36:32;9.67:32;9.98:32;10.29:32;10.62:32;10.95:32;11.29:32;11.62:32;12.01:32;12.40:32;12.78:32;13.17:4;13.46:4;13.77:4;14.06:4;14.35:4;14.66:4;14.95:4;15.25:4;15.54:4;15.84:4;16.14:4;16.23:4;16.33:4;16.43:4;16.61:8;17.15:8;15.86:8;14.57:8;13.28:8;12.00:8;10.71:8;9.43:8;8.14:8;6.86:8;5.58:8;4.28:8;4.12:8;3.95:8;3.77:8;3.60:8;3.43:8;3.26:8;3.09:8;2.92:8;2.74:8;2.57:8;2.40:8;2.23:8;2.06:8;1.89:8;1.71:8;1.54:8;1.38:8;1.20:8;1.03:8;0.86:8;0.68:8;0.51:8;0.35:8;0.17:4;0.00:4;
106;0.00:4;1.53:32;3.06:32;4.59:32;6.11:32;6.85:32;7.58:32;8.32:32;9.05:32;9.37:32;9.68:32;10.00:32;10.31:32;10.65:32;10.98:32;11.32:32;11.66:32;12.05:32;12.44:32;12.84:32;13.24:32;13.48:4;13.80:4;14.10:4;14.41:4;14.71:4;15.02:4;15.32:4;15.63:4;15.94:4;16.24:4;16.34:4;16.43:4;16.54:4;16.71:8;17.26:8;15.97:8;14.68:8;13.38:8;12.09:8;10.79:8;9.49:8;8.20:8;6.91:8;5.61:8;4.32:8;4.15:8;3.97:8;3.80:8;3.62:8;3.45:8;3.28:8;3.11:8;2.94:8;2.76:8;2.59:8;2.42:8;2.25:8;2.07:8;1.90:8;1.72:8;1.55:8;1.39:8;1.21:8;1.04:8;0.86:8;0.69:8;0.51:8;0.35:8;0.17:4;0.00:4;
107;0.00:4;1.52:32;3.06:32;4.58:32;6.11:32;6.85:32;7.58:32;8.32:32;9.05:32;9.37:32;9.69:32;10.02:32;10.34:32;10.68:32;11.01:32;11.35:32;11.69:32;12.10:32;12.50:32;12.90:32;13.30:32;13.53:32;13.82:4;14.14:4;14.46:4;14.77:4;15.09:4;15.40:4;15.72:4;16.03:4;16.35:4;16.44:4;16.54:4;16.64:4;16.81:8;17.39:8;16.09:8;14.78:8;13.47:8;12.17:8;10.87:8;9.57:8;8.26:8;6.95:8;5.65:8;4.35:8;4.17:8;4.00:8;3.82:8;3.65:8;3.48:8;3.31:8;3.13:8;2.96:8;2.78:8;2.60:8;2.44:8;2.26:8;2.09:8;1.91:8;1.74:8;1.56:8;1.40:8;1.22:8;1.04:8;0.87:8;0.69:8;0.53:8;0.35:8;0.18:8;0.00:4;
108;0.00:4;1.52:32;3.06:32;4.58:32;6.10:32;6.84:32;7.57:32;8.31:32;9.04:32;9.38:32;9.71:32;10.04:32;10.37:32;10.71:32;11.05:32;11.38:32;11.73:32;12.14:32;12.55:32;12.97:32;13.38:32;13.61:32;13.85:4;14.18:4;14.50:4;14.83:4;15.15:4;15.48:4;15.80:4;16.13:4;16.44:4;16.55:4;16.64:4;16.75:4;16.91:8;17.51:8;16.20:8;14.88:8;13.57:8;12.25:8;10.94:8;9.63:8;8.32:8;7.00:8;5.69:8;4.38:8;4.20:8;4.03:8;3.85:8;3.68:8;3.51:8;3.33:8;3.15:8;2.98:8;2.80:8;2.63:8;2.45:8;2.28:8;2.10:8;1.92:8;1.75:8;1.58:8;1.40:8;1.23:8;1.05:8;0.87:8;0.70:8;0.53:8;0.35:8;0.18:8;0.00:4;
109;0.00:4;1.52:32;3.05:32;4.57:32;6.10:32;6.84:32;7.57:32;8.31:32;9.04:32;9.39:32;9.72:32;10.06:32;10.40:32;10.74:32;11.08:32;11.41:32;11.76:32;12.18:32;12.60:32;13.02:32;13.44:32;13.68:32;13.92:32;14.22:4;14.55:4;14.89:4;15.21:4;15.55:4;15.89:4;16.22:4;16.55:4;16.65:4;16.75:4;16.85:4;17.00:8;17.63:8;16.31:8;14.98:8;13.66:8;12.35:8;11.03:8;9.70:8;8.38:8;7.06:8;5.73:8;4.41:8;4.23:8;4.05:8;3.87:8;3.71:8;3.53:8;3.35:8;3.17:8;3.00:8;2.82:8;2.65:8;2.47:8;2.29:8;2.12:8;1.94:8;1.76:8;1.59:8;1.41:8;1.24:8;1.06:8;0.88:8;0.70:8;0.53:8;0.36:8;0.18:8;0.00:4;
110;0.00:4;1.52:32;3.05:32;4.57:32;6.09:32;6.83:32;7.57:32;8.31:32;9.04:32;9.39:32;9.73:32;10.08:32;10.43:32;10.77:32;11.11:32;11.46:32;11.79:32;12.22:32;12.65:32;13.08:32;13.51:32;13.76:32;14.01:32;14.26:4;14.60:4;14.94:4;15.29:4;15.62:4;15.97:4;16.31:4;16.65:4;16.76:4;16.85:4;16.96:4;17.10:8;17.76:8;16.42:8;15.09:8;13.77:8;12.43:8;11.10:8;9.77:8;8.43:8;7.10:8;5.78:8;4.44:8;4.26:8;4.08:8;3.91:8;3.73:8;3.55:8;3.37:8;3.19:8;3.02:8;2.85:8;2.67:8;2.49:8;2.31:8;2.13:8;1.95:8;1.77:8;1.60:8;1.42:8;1.24:8;1.07:8;0.89:8;0.71:8;0.54:8;0.36:8;0.18:8;0.00:4;
111;0.00:4;1.51:32;3.03:32;4.55:32;6.06:32;6.80:32;7.55:32;8.28:32;9.03:32;9.39:32;9.74:32;10.09:32;10.45:32;10.79:32;11.13:32;11.48:32;11.82:32;12.25:32;12.68:32;13.11:32;13.55:32;13.80:32;14.05:32;14.31:32;14.63:4;14.97:4;15.33:4;15.69:4;16.04:4;16.39:4;16.75:4;16.85:4;16.95:4;17.05:4;17.19:8;17.87:8;16.53:8;15.19:8;13.85:8;12.51:8;11.17:8;9.83:8;8.48:8;7.15:8;5.81:8;4.47:8;4.28:8;4.11:8;3.93:8;3.75:8;3.57:8;3.39:8;3.21:8;3.03:8;2.86:8;2.68:8;2.50:8;2.32:8;2.14:8;1.96:8;1.79:8;1.61:8;1.43:8;1.25:8;1.07:8;0.89:8;0.71:8;0.54:8;0.36:8;0.18:8;0.00:4;
112;0.00:4;1.51:32;3.01:32;4.53:32;6.03:32;6.78:32;7.53:32;8.27:32;9.02:32;9.39:32;9.74:32;10.10:32;10.47:32;10.82:32;11.16:32;11.51:32;11.85:32;12.27:32;12.71:32;13.14:32;13.57:32;13.84:32;14.10:32;14.37:32;14.65:4;15.02:4;15.38:4;15.74:4;16.11:4;16.47:4;16.84:4;16.94:4;17.04:4;17.15:4;17.27:8;17.99:8;16.63:8;15.29:8;13.93:8;12.59:8;11.24:8;9.89:8;8.55:8;7.19:8;5.85:8;4.49:8;4.32:8;4.14:8;3.96:8;3.78:8;3.60:8;3.41:8;3.23:8;3.06:8;2.88:8;2.70:8;2.52:8;2.34:8;2.16:8;1.97:8;1.80:8;1.62:8;1.44:8;1.26:8;1.08:8;0.90:8;0.72:8;0.54:8;0.36:8;0.18:4;0.00:4;
113;0.00:4;1.50:32;3.00:32;4.50:32;6.01:32;6.75:32;7.51:32;8.26:32;9.01:32;9.38:32;9.75:32;10.12:32;10.49:32;10.84:32;11.18:32;11.53:32;11.88:32;12.31:32;12.74:32;13.17:32;13.60:32;13.87:32;14.15:32;14.44:32;14.72:32;15.05:4;15.42:4;15.80:4;16.18:4;16.56:4;16.94:4;17.03:4;17.14:4;17.24:4;17.35:8;18.09:8;16.74:8;15.38:8;14.03:8;12.66:8;11.31:8;9.95:8;8.60:8;7.23:8;5.88:8;4.53:8;4.35:8;4.16:8;3.98:8;3.80:8;3.62:8;3.44:8;3.26:8;3.08:8;2.90:8;2.72:8;2.53:8;2.35:8;2.17:8;2.00:8;1.81:8;1.63:8;1.45:8;1.27:8;1.08:8;0.90:8;0.72:8;0.55:8;0.37:8;0.18:4;0.00:4;
114;0.00:4;1.49:32;2.98:32;4.48:32;5.97:32;6.73:32;7.49:32;8.24:32;9.00:32;9.38:32;9.75:32;10.13:32;10.51:32;10.86:32;11.20:32;11.56:32;11.91:32;12.34:32;12.77:32;13.19:32;13.62:32;13.91:32;14.21:32;14.50:32;14.79:32;15.09:4;15.48:4;15.87:4;16.25:4;16.64:4;17.03:4;17.13:4;17.23:4;17.34:4;17.44:4;18.21:8;16.84:8;15.48:8;14.11:8;12.75:8;11.38:8;10.02:8;8.65:8;7.29:8;5.92:8;4.56:8;4.37:8;4.19:8;4.01:8;3.82:8;3.64:8;3.47:8;3.28:8;3.10:8;2.92:8;2.73:8;2.55:8;2.36:8;2.18:8;2.01:8;1.82:8;1.64:8;1.46:8;1.27:8;1.09:8;0.91:8;0.72:8;0.55:8;0.37:8;0.18:4;0.00:4;
115;0.00:4;1.49:32;2.97:32;4.46:32;5.94:32;6.71:32;7.47:32;8.23:32;9.00:32;9.38:32;9.77:32;10.14:32;10.53:32;10.88:32;11.24:32;11.58:32;11.94:32;12.37:32;12.79:32;13.22:32;13.65:32;13.95:32;14.26:32;14.56:32;14.87:32;15.17:32;15.52:4;15.92:4;16.32:4;16.73:4;17.13:4;17.22:4;17.33:4;17.43:4;17.54:4;18.32:8;16.95:8;15.57:8;14.20:8;12.83:8;11.46:8;10.08:8;8.70:8;7.33:8;5.95:8;4.58:8;4.40:8;4.21:8;4.03:8;3.84:8;3.66:8;3.49:8;3.30:8;3.12:8;2.93:8;2.75:8;2.56:8;2.38:8;2.19:8;2.02:8;1.84:8;1.65:8;1.47:8;1.28:8;1.10:8;0.91:8;0.74:8;0.55:8;0.37:8;0.19:8;0.00:4;
116;0.00:4;1.48:32;2.96:32;4.43:32;5.91:32;6.68:32;7.44:32;8.22:32;8.99:32;9.38:32;9.77:32;10.15:32;10.54:32;10.91:32;11.27:32;11.63:32;11.99:32;12.41:32;12.83:32;13.25:32;13.67:32;13.99:32;14.30:32;14.62:32;14.93:32;15.25:32;15.56:32;15.97:4;16.38:4;16.80:4;17.21:4;17.31:4;17.42:4;17.52:4;17.63:4;18.44:8;17.05:8;15.67:8;14.29:8;12.90:8;11.52:8;10.14:8;8.76:8;7.37:8;6.00:8;4.61:8;4.42:8;4.24:8;4.05:8;3.87:8;3.69:8;3.51:8;3.32:8;3.13:8;2.95:8;2.76:8;2.58:8;2.39:8;2.22:8;2.03:8;1.85:8;1.66:8;1.48:8;1.29:8;1.10:8;0.92:8;0.74:8;0.56:8;0.37:8;0.19:8;0.00:4;
117;0.00:4;1.47:32;2.94:32;4.41:32;5.88:32;6.66:32;7.43:32;8.20:32;8.98:32;9.38:32;9.78:32;10.16:32;10.56:32;10.93:32;11.30:32;11.68:32;12.04:32;12.45:32;12.87:32;13.28:32;13.70:32;14.02:32;14.34:32;14.67:32;14.99:32;15.32:32;15.65:32;16.01:4;16.44:4;16.87:4;17.30:4;17.41:4;17.51:4;17.62:4;17.72:4;18.55:8;17.16:8;15.77:8;14.37:8;12.99:8;11.59:8;10.21:8;8.81:8;7.42:8;6.03:8;4.64:8;4.45:8;4.26:8;4.08:8;3.90:8;3.71:8;3.53:8;3.34:8;3.15:8;2.97:8;2.78:8;2.59:8;2.42:8;2.23:8;2.04:8;1.86:8;1.67:8;1.48:8;1.30:8;1.11:8;0.92:8;0.75:8;0.56:8;0.37:8;0.19:8;0.00:4;
118;0.00:4;1.46:32;2.93:32;4.39:32;5.86:32;6.64:32;7.41:32;8.19:32;8.97:32;9.37:32;9.78:32;10.19:32;10.58:32;10.96:32;11.34:32;11.72:32;12.09:32;12.50:32;12.90:32;13.31:32;13.72:32;14.06:32;14.40:32;14.73:32;15.07:32;15.40:32;15.73:32;16.07:4;16.51:4;16.96:4;17.40:4;17.50:4;17.61:4;17.71:4;17.82:4;18.66:8;17.26:8;15.87:8;14.47:8;13.06:8;11.67:8;10.27:8;8.86:8;7.47:8;6.07:8;4.66:8;4.48:8;4.29:8;4.11:8;3.92:8;3.74:8;3.55:8;3.36:8;3.17:8;2.98:8;2.80:8;2.61:8;2.43:8;2.24:8;2.06:8;1.87:8;1.68:8;1.49:8;1.30:8;1.12:8;0.93:8;0.75:8;0.56:8;0.38:8;0.19:8;0.00:4;
119;0.00:4;1.46:32;2.91:32;4.37:32;5.83:32;6.60:32;7.39:32;8.17:32;8.96:32;9.37:32;9.79:32;10.20:32;10.61:32;10.99:32;11.37:32;11.76:32;12.14:32;12.55:32;12.95:32;13.35:32;13.76:32;14.09:32;14.44:32;14.78:32;15.13:32;15.48:32;15.82:32;16.16:32;16.57:4;17.03:4;17.49:4;17.60:4;17.70:4;17.81:4;17.91:4;18.77:8;17.37:8;15.96:8;14.55:8;13.15:8;11.74:8;10.33:8;8.91:8;7.51:8;6.10:8;4.69:8;4.50:8;4.32:8;4.13:8;3.95:8;3.76:8;3.57:8;3.38:8;3.19:8;3.00:8;2.81:8;2.63:8;2.45:8;2.26:8;2.07:8;1.88:8;1.69:8;1.50:8;1.31:8;1.12:8;0.93:8;0.76:8;0.57:8;0.38:8;0.19:8;0.00:4;
120;0.00:4;1.45:32;2.90:32;4.35:32;5.80:32;6.58:32;7.37:32;8.16:32;8.95:32;9.37:32;9.79:32;10.21:32;10.63:32;11.01:32;11.41:32;11.80:32;12.19:32;12.59:32;12.99:32;13.38:32;13.78:32;14.13:32;14.49:32;14.84:32;15.19:32;15.55:32;15.91:32;16.26:32;16.63:4;17.12:4;17.59:4;17.69:4;17.80:4;17.90:4;18.01:4;18.89:8;17.47:8;16.05:8;14.64:8;13.22:8;11.80:8;10.38:8;8.98:8;7.56:8;6.14:8;4.73:8;4.54:8;4.35:8;4.16:8;3.97:8;3.78:8;3.59:8;3.40:8;3.21:8;3.02:8;2.84:8;2.65:8;2.46:8;2.27:8;2.08:8;1.89:8;1.70:8;1.51:8;1.32:8;1.13:8;0.95:8;0.76:8;0.57:8;0.38:8;0.19:8;0.00:4;
121;0.00:4;1.44:32;2.87:32;4.31:32;5.73:32;6.53:32;7.32:32;8.12:32;8.90:32;9.33:32;9.75:32;10.19:32;10.61:32;11.01:32;11.41:32;11.82:32;12.23:32;12.63:32;13.04:32;13.45:32;13.86:32;14.22:32;14.57:32;14.93:32;15.29:32;15.65:32;16.00:32;16.36:32;16.72:32;17.14:4;17.62:4;17.76:4;17.88:4;18.01:4;18.14:4;18.98:8;17.57:8;16.14:8;14.71:8;13.29:8;11.87:8;10.45:8;9.02:8;7.59:8;6.17:8;4.75:8;4.56:8;4.37:8;4.18:8;3.99:8;3.80:8;3.61:8;3.42:8;3.22:8;3.03:8;2.85:8;2.66:8;2.47:8;2.28:8;2.09:8;1.90:8;1.71:8;1.52:8;1.33:8;1.14:8;0.95:8;0.76:8;0.57:8;0.38:8;0.19:8;0.00:4;
122;0.00:4;1.42:32;2.84:32;4.25:32;5.67:32;6.47:32;7.27:32;8.06:32;8.86:32;9.29:32;9.72:32;10.15:32;10.58:32;11.00:32;11.42:32;11.84:32;12.26:32;12.68:32;13.10:32;13.51:32;13.93:32;14.30:32;14.66:32;15.02:32;15.38:32;15.74:32;16.11:32;16.46:32;16.82:32;17.19:32;17.65:4;17.81:4;17.97:4;18.12:4;18.27:4;19.08:8;17.65:8;16.22:8;14.79:8;13.36:8;11.93:8;10.50:8;9.06:8;7.63:8;6.21:8;4.77:8;4.58:8;4.39:8;4.20:8;4.01:8;3.82:8;3.62:8;3.43:8;3.24:8;3.06:8;2.87:8;2.68:8;2.48:8;2.29:8;2.10:8;1.91:8;1.72:8;1.52:8;1.33:8;1.14:8;0.96:8;0.77:8;0.58:8;0.38:8;0.19:4;0.00:4;
123;0.00:4;1.41:32;2.80:32;4.21:32;5.62:32;6.42:32;7.22:32;8.02:32;8.83:32;9.26:32;9.69:32;10.13:32;10.56:32;10.99:32;11.43:32;11.87:32;12.31:32;12.73:32;13.16:32;13.59:32;14.02:32;14.39:32;14.74:32;15.11:32;15.48:32;15.83:32;16.20:32;16.57:32;16.93:32;17.29:32;17.68:4;17.86:4;18.04:4;18.23:4;18.41:4;19.18:8;17.75:8;16.31:8;14.87:8;13.43:8;11.99:8;10.55:8;9.11:8;7.68:8;6.24:8;4.80:8;4.60:8;4.41:8;4.22:8;4.03:8;3.83:8;3.64:8;3.45:8;3.27:8;3.07:8;2.88:8;2.69:8;2.49:8;2.30:8;2.11:8;1.92:8;1.72:8;1.53:8;1.34:8;1.16:8;0.96:8;0.77:8;0.58:8;0.39:8;0.19:4;0.00:4;
124;0.00:4;1.39:32;2.77:32;4.17:32;5.55:32;6.36:32;7.17:32;7.98:32;8.79:32;9.23:32;9.66:32;10.10:32;10.54:32;10.99:32;11.45:32;11.89:32;12.34:32;12.78:32;13.22:32;13.66:32;14.09:32;14.46:32;14.83:32;15.19:32;15.56:32;15.93:32;16.30:32;16.66:32;17.03:32;17.40:32;17.77:32;17.92:4;18.12:4;18.33:4;18.53:4;19.28:8;17.83:8;16.38:8;14.94:8;13.49:8;12.04:8;10.61:8;9.16:8;7.71:8;6.27:8;4.82:8;4.63:8;4.43:8;4.24:8;4.05:8;3.85:8;3.66:8;3.47:8;3.28:8;3.09:8;2.89:8;2.70:8;2.51:8;2.31:8;2.12:8;1.93:8;1.73:8;1.54:8;1.35:8;1.16:8;0.97:8;0.77:8;0.58:8;0.39:8;0.19:4;0.00:4;
125;0.00:4;1.38:32;2.75:32;4.12:32;5.49:32;6.31:32;7.12:32;7.94:32;8.75:32;9.19:32;9.64:32;10.08:32;10.52:32;10.98:32;11.45:32;11.91:32;12.38:32;12.82:32;13.27:32;13.72:32;14.18:32;14.54:32;14.92:32;15.29:32;15.66:32;16.03:32;16.40:32;16.77:32;17.14:32;17.51:32;17.88:32;17.99:32;18.21:4;18.44:4;18.67:4;19.37:8;17.92:8;16.46:8;15.02:8;13.57:8;12.11:8;10.66:8;9.20:8;7.75:8;6.30:8;4.84:8;4.65:8;4.45:8;4.26:8;4.06:8;3.87:8;3.69:8;3.49:8;3.30:8;3.10:8;2.91:8;2.71:8;2.52:8;2.32:8;2.13:8;1.94:8;1.74:8;1.55:8;1.35:8;1.17:8;0.97:8;0.78:8;0.58:8;0.39:8;0.19:4;0.00:4;
126;0.00:4;1.35:32;2.72:32;4.07:32;5.43:32;6.25:32;7.07:32;7.89:32;8.70:32;9.16:32;9.61:32;10.05:32;10.50:32;10.97:32;11.45:32;11.93:32;12.40:32;12.86:32;13.32:32;13.79:32;14.26:32;14.63:32;14.99:32;15.36:32;15.74:32;16.11:32;16.47:32;16.85:32;17.22:32;17.59:32;17.96:32;18.07:32;18.27:4;18.54:4;18.81:4;19.47:8;18.01:8;16.55:8;15.09:8;13.63:8;12.17:8;10.71:8;9.25:8;7.79:8;6.33:8;4.87:8;4.67:8;4.48:8;4.28:8;4.08:8;3.90:8;3.70:8;3.51:8;3.31:8;3.12:8;2.92:8;2.73:8;2.53:8;2.34:8;2.14:8;1.94:8;1.75:8;1.55:8;1.37:8;1.17:8;0.98:8;0.78:8;0.59:8;0.39:8;0.20:8;0.00:4;
127;0.00:4;1.34:32;2.69:32;4.03:32;5.37:32;6.20:32;7.01:32;7.84:32;8.66:32;9.12:32;9.58:32;10.03:32;10.48:32;10.96:32;11.46:32;11.94:32;12.42:32;12.90:32;13.38:32;13.86:32;14.33:32;14.71:32;15.08:32;15.45:32;15.81:32;16.19:32;16.56:32;16.93:32;17.29:32;17.67:32;18.04:32;18.14:32;18.34:4;18.64:4;18.94:4;19.56:8;18.10:8;16.63:8;15.16:8;13.69:8;12.23:8;10.76:8;9.29:8;7.82:8;6.36:8;4.89:8;4.69:8;4.50:8;4.31:8;4.11:8;3.92:8;3.72:8;3.52:8;3.33:8;3.13:8;2.94:8;2.74:8;2.54:8;2.35:8;2.15:8;1.95:8;1.76:8;1.56:8;1.38:8;1.18:8;0.98:8;0.79:8;0.59:8;0.39:4;0.20:8;0.00:4;
128;0.00:4;1.32:32;2.66:32;3.98:32;5.31:32;6.14:32;6.97:32;7.80:32;8.63:32;9.08:32;9.54:32;10.00:32;10.46:32;10.95:32;11.46:32;11.95:32;12.44:32;12.94:32;13.43:32;13.92:32;14.42:32;14.78:32;15.15:32;15.53:32;15.90:32;16.26:32;16.63:32;17.01:32;17.38:32;17.75:32;18.11:32;18.23:32;18.41:4;18.74:4;19.07:4;19.67:8;18.19:8;16.72:8;15.24:8;13.77:8;12.29:8;10.82:8;9.35:8;7.86:8;6.39:8;4.91:8;4.71:8;4.53:8;4.33:8;4.13:8;3.94:8;3.74:8;3.54:8;3.34:8;3.15:8;2.95:8;2.75:8;2.55:8;2.36:8;2.16:8;1.96:8;1.77:8;1.58:8;1.38:8;1.18:8;0.99:8;0.79:8;0.59:8;0.39:4;0.20:4;0.00:4;
129;0.00:4;1.31:32;2.63:32;3.94:32;5.25:32;6.08:32;6.92:32;7.75:32;8.59:32;9.05:32;9.51:32;9.98:32;10.44:32;10.94:32;11.46:32;11.96:32;12.47:32;12.98:32;13.48:32;13.99:32;14.49:32;14.87:32;15.24:32;15.60:32;15.97:32;16.35:32;16.72:32;17.08:32;17.45:32;17.82:32;18.20:32;18.30:32;18.48:4;18.84:4;19.20:4;19.76:8;18.28:8;16.80:8;15.31:8;13.83:8;12.35:8;10.87:8;9.39:8;7.91:8;6.43:8;4.95:8;4.75:8;4.55:8;4.35:8;4.15:8;3.95:8;3.76:8;3.56:8;3.36:8;3.16:8;2.96:8;2.76:8;2.57:8;2.37:8;2.17:8;1.97:8;1.77:8;1.59:8;1.39:8;1.19:8;0.99:8;0.79:4;0.59:4;0.40:8;0.20:4;0.00:4;
130;0.00:4;1.30:32;2.59:32;3.90:32;5.19:32;6.03:32;6.87:32;7.71:32;8.55:32;9.02:32;9.48:32;9.95:32;10.42:32;10.94:32;11.46:32;11.98:32;12.50:32;13.02:32;13.53:32;14.06:32;14.57:32;14.94:32;15.31:32;15.69:32;16.05:32;16.42:32;16.79:32;17.16:32;17.54:32;17.90:32;18.27:32;18.38:32;18.54:4;18.94:4;19.34:4;19.86:8;18.36:8;16.87:8;15.39:8;13.90:8;12.41:8;10.92:8;9.43:8;7.94:8;6.46:8;4.97:8;4.77:8;4.57:8;4.37:8;4.17:8;3.97:8;3.77:8;3.57:8;3.38:8;3.18:8;2.98:8;2.78:8;2.58:8;2.38:8;2.18:8;1.98:8;1.79:8;1.59:8;1.39:4;1.20:8;1.00:8;0.80:8;0.60:8;0.40:4;0.20:4;0.00:4;
131;0.00:4;1.28:32;2.55:32;3.83:32;5.10:32;5.95:32;6.79:32;7.63:32;8.47:32;8.95:32;9.42:32;9.89:32;10.35:32;10.88:32;11.40:32;11.93:32;12.45:32;13.00:32;13.53:32;14.07:32;14.61:32;14.98:32;15.35:32;15.73:32;16.11:32;16.47:32;16.85:32;17.23:32;17.61:32;17.98:32;18.35:32;18.47:32;18.59:4;19.01:4;19.44:4;19.96:8;18.46:8;16.97:8;15.47:8;13.98:8;12.47:8;10.98:8;9.48:8;7.98:8;6.49:8;4.99:8;4.79:8;4.59:8;4.39:8;4.19:8;3.99:8;3.79:8;3.59:8;3.39:8;3.19:8;2.99:8;2.79:8;2.59:8;2.39:8;2.19:8;2.00:8;1.80:8;1.60:8;1.40:8;1.20:4;1.00:4;0.80:4;0.60:4;0.40:4;0.20:4;0.00:4;
132;0.00:4;1.26:32;2.51:32;3.77:32;5.03:32;5.87:32;6.72:32;7.56:32;8.41:32;8.88:32;9.36:32;9.83:32;10.30:32;10.83:32;11.36:32;11.89:32;12.42:32;12.98:32;13.52:32;14.08:32;14.64:32;15.02:32;15.39:32;15.77:32;16.16:32;16.54:32;16.92:32;17.29:32;17.68:32;18.06:32;18.44:32;18.55:32;18.66:32;19.08:4;19.53:4;20.07:8;18.55:8;17.05:8;15.55:8;14.04:8;12.54:8;11.04:8;9.53:8;8.02:8;6.52:8;5.02:8;4.82:8;4.61:8;4.41:8;4.21:8;4.01:8;3.81:8;3.61:8;3.41:8;3.21:8;3.01:8;2.81:8;2.60:4;2.40:4;2.21:8;2.01:8;1.81:8;1.61:8;1.41:8;1.21:8;1.01:8;0.80:4;0.60:4;0.40:4;0.20:4;0.00:4;
133;0.00:4;1.24:32;2.48:32;3.71:32;4.95:32;5.80:32;6.65:32;7.49:32;8.34:32;8.81:32;9.29:32;9.77:32;10.24:32;10.77:32;11.31:32;11.84:32;12.38:32;12.96:32;13.52:32;14.09:32;14.66:32;15.05:32;15.44:32;15.82:32;16.20:32;16.59:32;16.98:32;17.37:32;17.76:32;18.13:32;18.52:32;18.64:32;18.74:32;19.14:4;19.64:4;20.16:8;18.65:8;17.14:8;15.62:8;14.11:8;12.60:8;11.09:8;9.58:8;8.06:8;6.55:8;5.04:8;4.84:8;4.64:8;4.44:8;4.23:8;4.03:8;3.83:8;3.63:8;3.43:8;3.22:4;3.02:8;2.82:8;2.63:8;2.42:4;2.22:4;2.02:4;1.82:8;1.62:8;1.41:4;1.21:4;1.01:4;0.81:4;0.61:4;0.40:4;0.20:4;0.00:4;
134;0.00:4;1.22:32;2.44:32;3.65:32;4.87:32;5.72:32;6.57:32;7.42:32;8.27:32;8.75:32;9.22:32;9.70:32;10.17:32;10.72:32;11.26:32;11.80:32;12.35:32;12.94:32;13.51:32;14.10:32;14.69:32;15.09:32;15.48:32;15.87:32;16.25:32;16.65:32;17.04:32;17.43:32;17.82:32;18.22:32;18.61:32;18.72:32;18.83:32;19.22:4;19.73:4;20.27:8;18.74:8;17.23:8;15.71:8;14.19:8;12.66:8;11.15:8;9.63:8;8.11:8;6.58:4;5.07:8;4.86:4;4.66:8;4.46:8;4.25:4;4.05:4;3.85:8;3.64:4;3.44:4;3.24:4;3.05:8;2.84:4;2.64:4;2.44:8;2.23:4;2.03:4;1.83:4;1.62:4;1.42:4;1.22:4;1.02:8;0.81:4;0.61:4;0.41:4;0.20:4;0.00:4;
135;0.00:4;1.20:32;2.39:32;3.59:32;4.79:32;5.64:32;6.50:32;7.35:32;8.20:32;8.68:32;9.16:32;9.64:32;10.12:32;10.67:32;11.21:32;11.76:32;12.31:32;12.92:32;13.51:32;14.12:32;14.72:32;15.12:32;15.52:32;15.91:32;16.31:32;16.71:32;17.10:32;17.50:32;17.89:32;18.29:32;18.69:32;18.81:32;18.91:32;19.28:4;19.82:4;20.37:4;18.85:4;17.31:4;15.79:4;14.26:4;12.74:4;11.20:4;9.68:4;8.15:4;6.63:4;5.09:4;4.89:4;4.68:4;4.48:4;4.27:4;4.07:4;3.87:4;3.66:4;3.47:4;3.26:4;3.06:4;2.86:4;2.65:4;2.45:4;2.24:4;2.04:4;1.84:4;1.63:4;1.43:4;1.22:4;1.02:4;0.82:4;0.61:4;0.41:4;0.20:4;0.00:4;
136;0.00:4;1.18:32;2.35:32;3.53:32;4.70:32;5.57:64;6.42:64;7.28:64;8.13:64;8.61:64;9.09:64;9.58:64;10.06:32;10.61:32;11.16:32;11.71:32;12.25:32;12.87:32;13.48:32;14.10:32;14.72:32;15.12:32;15.53:32;15.93:32;16.34:32;16.75:32;17.15:32;17.56:32;17.96:32;18.36:32;18.77:32;18.88:32;18.99:32;19.33:4;19.90:4;20.48:4;18.94:4;17.40:4;15.87:4;14.33:4;12.80:4;11.26:4;9.72:4;8.19:4;6.66:4;5.11:4;4.91:4;4.71:4;4.50:4;4.31:4;4.10:4;3.90:4;3.69:4;3.49:4;3.28:4;3.08:4;2.87:4;2.67:4;2.46:4;2.26:4;2.05:4;1.85:4;1.64:4;1.44:4;1.23:4;1.03:4;0.82:4;0.62:4;0.41:4;0.21:4;0.00:4;
137;0.00:4;1.16:32;2.31:32;3.48:32;4.63:32;5.49:64;6.34:64;7.20:64;8.06:64;8.55:64;9.03:64;9.51:64;10.00:32;10.55:32;11.10:32;11.66:32;12.20:32;12.83:32;13.46:32;14.09:32;14.71:32;15.13:32;15.54:32;15.95:32;16.37:32;16.78:32;17.20:32;17.61:32;18.02:32;18.44:32;18.85:32;18.96:32;19.08:32;19.37:4;19.98:4;20.58:4;19.04:4;17.49:4;15.95:4;14.41:4;12.86:4;11.32:4;9.78:4;8.23:4;6.69:4;5.15:4;4.94:4;4.74:4;4.53:4;4.33:4;4.12:4;3.91:4;3.71:4;3.50:4;3.30:4;3.09:4;2.88:4;2.68:4;2.47:4;2.27:4;2.06:4;1.85:4;1.65:4;1.44:4;1.24:4;1.03:4;0.82:4;0.62:4;0.41:4;0.21:4;0.00:4;
138;0.00:4;1.13:32;2.28:32;3.41:32;4.55:32;5.41:64;6.27:64;7.13:64;7.99:64;8.48:64;8.97:64;9.45:64;9.93:32;10.49:32;11.05:32;11.60:32;12.16:32;12.79:32;13.43:32;14.07:32;14.71:32;15.13:32;15.55:32;15.97:32;16.40:32;16.82:32;17.24:32;17.66:32;18.08:32;18.51:32;18.93:32;19.05:32;19.15:32;19.43:4;20.06:4;20.67:4;19.13:4;17.58:4;16.02:4;14.48:4;12.93:4;11.37:4;9.83:4;8.27:4;6.72:4;5.17:4;4.97:4;4.76:4;4.55:4;4.35:4;4.14:4;3.93:4;3.73:4;3.52:4;3.31:4;3.10:4;2.90:4;2.69:4;2.48:4;2.28:4;2.07:4;1.86:4;1.66:4;1.45:4;1.24:4;1.03:4;0.83:4;0.62:4;0.41:4;0.21:4;0.00:4;
139;0.00:4;1.11:32;2.24:32;3.35:32;4.47:32;5.33:64;6.20:64;7.06:64;7.93:64;8.41:64;8.90:64;9.39:64;9.88:32;10.44:32;10.99:32;11.55:32;12.11:32;12.76:32;13.41:32;14.06:32;14.70:32;15.13:32;15.56:32;15.99:32;16.42:32;16.85:32;17.28:32;17.71:32;18.14:32;18.57:32;19.01:32;19.12:32;19.24:32;19.48:4;20.13:4;20.78:4;19.23:4;17.66:4;16.11:4;14.54:4;12.99:4;11.43:4;9.87:4;8.32:4;6.75:4;5.20:4;4.99:4;4.78:4;4.57:4;4.37:4;4.16:4;3.95:4;3.74:4;3.53:4;3.33:4;3.12:4;2.91:4;2.70:4;2.50:4;2.29:4;2.08:4;1.87:4;1.66:4;1.46:4;1.25:4;1.04:4;0.83:4;0.62:4;0.42:4;0.21:4;0.00:4;
140;0.00:4;1.10:32;2.19:32;3.30:32;4.39:32;5.26:64;6.12:64;6.99:64;7.85:64;8.35:64;8.84:64;9.32:64;9.82:32;10.37:32;10.94:32;11.50:32;12.05:32;12.72:32;13.38:32;14.04:32;14.70:32;15.14:32;15.58:32;16.01:32;16.45:32;16.89:32;17.34:32;17.78:32;18.21:32;18.65:32;19.09:32;19.20:32;19.32:32;19.52:4;20.20:4;20.88:4;19.32:4;17.76:4;16.19:4;14.62:4;13.05:4;11.49:4;9.92:4;8.36:4;6.78:4;5.22:4;5.01:4;4.81:4;4.60:4;4.39:4;4.18:4;3.97:4;3.76:4;3.55:4;3.34:4;3.13:4;2.93:4;2.72:4;2.51:4;2.30:4;2.09:4;1.88:4;1.67:4;1.46:4;1.25:4;1.04:4;0.84:4;0.63:4;0.42:4;0.21:4;0.00:4;
141;0.00:4;1.08:64;2.15:64;3.23:64;4.31:64;5.17:64;6.04:64;6.90:64;7.76:64;8.25:64;8.75:64;9.24:64;9.73:32;10.29:32;10.84:32;11.39:32;11.94:32;12.61:32;13.27:32;13.94:32;14.61:32;15.07:32;15.52:32;15.97:32;16.43:32;16.88:32;17.34:32;17.80:32;18.25:32;18.70:32;19.15:32;19.27:32;19.38:32;19.57:4;20.29:4;21.00:4;19.43:4;17.85:4;16.28:4;14.70:4;13.13:4;11.55:4;9.98:4;8.40:4;6.83:4;5.25:4;5.04:4;4.83:4;4.62:4;4.41:4;4.20:4;3.99:4;3.78:4;3.57:4;3.36:4;3.15:4;2.94:4;2.73:4;2.52:4;2.31:4;2.10:4;1.89:4;1.68:4;1.47:4;1.26:4;1.05:4;0.84:4;0.63:4;0.42:4;0.21:4;0.00:4;
142;0.00:4;1.06:64;2.11:64;3.17:64;4.22:64;5.08:64;5.94:64;6.80:64;7.67:64;8.16:64;8.66:64;9.16:64;9.66:32;10.20:32;10.74:32;11.28:32;11.82:32;12.50:32;13.17:32;13.85:32;14.52:32;14.99:32;15.46:32;15.93:32;16.40:32;16.87:32;17.35:32;17.81:32;18.28:32;18.75:32;19.23:32;19.34:32;19.46:32;19.62:4;20.37:4;21.12:4;19.53:4;17.94:4;16.37:4;14.78:4;13.20:4;11.61:4;10.03:4;8.44:4;6.87:4;5.28:4;5.07:4;4.86:4;4.64:4;4.43:4;4.22:4;4.01:4;3.80:4;3.59:4;3.38:4;3.17:4;2.96:4;2.74:4;2.53:4;2.32:4;2.11:4;1.90:4;1.69:4;1.48:4;1.27:4;1.06:4;0.85:4;0.63:4;0.42:4;0.21:4;0.00:4;
143;0.00:4;1.04:64;2.07:64;3.11:64;4.14:64;5.00:64;5.86:64;6.71:64;7.57:64;8.07:64;8.58:64;9.07:64;9.58:32;10.11:32;10.65:32;11.17:32;11.71:32;12.39:32;13.07:32;13.74:32;14.43:32;14.92:32;15.40:32;15.89:32;16.37:32;16.86:32;17.35:32;17.83:32;18.32:32;18.81:32;19.29:32;19.40:32;19.52:32;19.67:4;20.45:4;21.23:4;19.64:4;18.05:4;16.45:4;14.86:4;13.27:4;11.68:4;10.09:4;8.49:4;6.90:4;5.31:4;5.09:4;4.88:4;4.67:4;4.46:4;4.24:4;4.03:4;3.82:4;3.61:4;3.40:4;3.18:4;2.97:4;2.76:4;2.55:4;2.33:4;2.12:4;1.91:4;1.70:4;1.49:4;1.27:4;1.06:4;0.85:4;0.64:4;0.43:4;0.21:4;0.00:4;
144;0.00:4;1.02:64;2.03:64;3.05:64;4.05:64;4.91:64;5.76:64;6.62:64;7.48:64;7.98:64;8.48:64;8.99:64;9.50:32;10.03:32;10.54:32;11.07:32;11.59:32;12.27:32;12.97:32;13.65:32;14.34:32;14.84:32;15.34:32;15.84:32;16.35:32;16.85:32;17.35:32;17.85:32;18.36:64;18.88:64;19.38:64;19.50:64;19.62:64;19.74:64;20.53:4;21.35:4;19.75:4;18.14:4;16.55:4;14.94:4;13.35:4;11.74:4;10.14:4;8.54:4;6.94:4;5.33:4;5.12:4;4.91:4;4.69:4;4.48:4;4.27:4;4.05:4;3.84:4;3.63:4;3.41:4;3.20:4;2.99:4;2.77:4;2.56:4;2.35:4;2.13:4;1.92:4;1.71:4;1.49:4;1.28:4;1.07:4;0.85:4;0.64:4;0.43:4;0.21:4;0.00:4;
145;0.00:4;1.00:64;1.98:64;2.98:64;3.98:64;4.83:64;5.68:64;6.53:64;7.38:64;7.89:64;8.40:64;8.90:64;9.42:32;9.93:32;10.45:32;10.96:32;11.48:32;12.17:32;12.86:32;13.56:32;14.25:32;14.77:64;15.30:64;15.82:64;16.35:64;16.88:64;17.41:64;17.93:64;18.46:64;18.98:64;19.51:64;19.62:64;19.74:64;19.86:64;20.61:4;21.46:4;19.86:4;18.24:4;16.63:4;15.03:4;13.42:4;11.80:4;10.20:4;8.59:4;6.97:4;5.37:4;5.16:4;4.94:4;4.73:4;4.50:4;4.29:4;4.07:4;3.86:4;3.65:4;3.43:4;3.22:4;3.00:4;2.79:4;2.57:4;2.36:4;2.14:4;1.93:4;1.72:4;1.50:4;1.29:4;1.07:4;0.86:4;0.64:4;0.43:4;0.21:4;0.00:4;
146;0.00:4;0.98:64;1.94:64;2.92:64;3.90:64;4.74:64;5.59:64;6.44:64;7.28:64;7.79:64;8.31:64;8.82:64;9.33:64;9.85:64;10.35:64;10.86:64;11.36:32;12.05:64;12.75:64;13.43:64;14.12:64;14.67:64;15.21:64;15.76:64;16.32:64;16.86:64;17.41:64;17.96:64;18.50:64;19.05:64;19.59:64;19.71:64;19.82:64;19.95:64;20.69:4;21.58:4;19.96:4;18.34:4;16.73:4;15.11:4;13.48:4;11.87:4;10.25:4;8.63:4;7.01:4;5.40:4;5.18:4;4.97:4;4.75:4;4.54:4;4.32:4;4.11:4;3.89:4;3.66:4;3.45:4;3.23:4;3.02:4;2.80:4;2.59:4;2.37:4;2.16:4;1.94:4;1.72:4;1.51:4;1.29:4;1.08:4;0.86:4;0.65:4;0.43:4;0.22:4;0.00:4;
147;0.00:4;0.96:64;1.90:64;2.86:64;3.81:64;4.65:64;5.50:64;6.34:64;7.18:64;7.71:64;8.22:64;8.74:64;9.26:64;9.75:64;10.25:64;10.75:64;11.25:32;11.94:64;12.62:64;13.31:64;14.00:64;14.57:64;15.14:64;15.71:64;16.28:64;16.84:64;17.41:64;17.98:64;18.54:64;19.11:64;19.68:64;19.79:64;19.92:64;20.03:64;20.77:4;21.69:4;20.07:4;18.44:4;16.81:4;15.18:4;13.56:4;11.93:4;10.30:4;8.67:4;7.06:4;5.43:4;5.21:4;4.99:4;4.78:4;4.56:4;4.34:4;4.13:4;3.91:4;3.69:4;3.48:4;3.26:4;3.03:4;2.82:4;2.60:4;2.38:4;2.17:4;1.95:4;1.73:4;1.52:4;1.30:4;1.08:4;0.87:4;0.65:4;0.43:4;0.22:4;0.00:4;
148;0.00:4;0.93:64;1.86:64;2.79:64;3.73:64;4.57:64;5.41:64;6.25:64;7.09:64;7.61:64;8.14:64;8.66:64;9.18:64;9.67:64;10.15:64;10.65:64;11.13:32;11.81:64;12.51:64;13.19:64;13.88:64;14.47:64;15.06:64;15.65:64;16.23:64;16.82:64;17.41:64;18.00:64;18.59:64;19.17:64;19.76:64;19.88:64;20.00:64;20.12:64;20.84:4;21.81:4;20.17:4;18.53:4;16.91:4;15.27:4;13.63:4;11.99:4;10.36:4;8.73:4;7.09:4;5.45:4;5.24:4;5.02:4;4.80:4;4.58:4;4.36:4;4.15:4;3.93:4;3.71:4;3.49:4;3.28:4;3.06:4;2.84:4;2.61:4;2.40:4;2.18:4;1.96:4;1.74:4;1.52:4;1.31:4;1.09:4;0.87:4;0.65:4;0.44:4;0.22:4;0.00:4;
149;0.00:4;0.91:64;1.83:64;2.73:64;3.64:64;4.48:64;5.32:64;6.15:64;6.99:64;7.52:64;8.04:64;8.58:64;9.10:64;9.58:64;10.06:64;10.53:64;11.01:32;11.70:64;12.38:64;13.07:64;13.76:64;14.36:64;14.97:64;15.58:64;16.19:64;16.80:64;17.41:64;18.02:64;18.63:64;19.24:64;19.85:64;19.96:64;20.09:64;20.20:64;20.92:4;21.92:4;20.28:4;18.64:4;16.99:4;15.35:4;13.70:4;12.05:4;10.42:4;8.77:4;7.13:4;5.48:4;5.26:4;5.04:4;4.82:4;4.61:4;4.39:4;4.17:4;3.95:4;3.73:4;3.51:4;3.29:4;3.07:4;2.86:4;2.64:4;2.42:4;2.19:4;1.97:4;1.75:4;1.53:4;1.31:4;1.09:4;0.88:4;0.66:4;0.44:4;0.22:4;0.00:4;
150;0.00:4;0.89:64;1.79:64;2.67:64;3.56:64;4.40:64;5.23:64;6.07:64;6.90:64;7.43:64;7.96:64;8.49:64;9.02:64;9.49:64;9.96:64;10.43:64;10.90:32;11.58:64;12.26:64;12.95:64;13.63:64;14.26:64;14.89:64;15.52:64;16.15:64;16.78:64;17.41:64;18.04:64;18.67:64;19.30:64;19.93:64;20.04:64;20.17:64;20.29:64;20.99:4;22.04:4;20.39:4;18.73:4;17.08:4;15.42:4;13.78:4;12.12:4;10.47:4;8.82:4;7.16:4;5.51:4;5.29:4;5.07:4;4.85:4;4.63:4;4.41:4;4.19:4;3.97:4;3.75:4;3.53:4;3.31:4;3.09:4;2.87:4;2.65:4;2.43:4;2.21:4;1.98:4;1.76:4;1.54:4;1.32:4;1.10:4;0.88:4;0.66:4;0.44:4;0.22:4;0.00:4;
151;0.00:4;0.87:64;1.75:64;2.63:64;3.50:64;4.33:64;5.15:64;5.97:64;6.80:64;7.33:64;7.86:64;8.40:64;8.94:64;9.41:64;9.87:64;10.33:64;10.79:64;11.47:64;12.13:64;12.79:64;13.46:64;14.10:64;14.74:64;15.37:64;16.01:64;16.65:64;17.29:64;17.93:64;18.57:64;19.22:64;19.85:64;19.97:64;20.09:64;20.20:64;21.02:4;22.10:4;20.44:4;18.78:4;17.14:4;15.48:4;13.82:4;12.16:4;10.50:4;8.84:4;7.18:4;5.52:4;5.30:4;5.08:4;4.86:4;4.64:4;4.42:4;4.20:4;3.98:4;3.76:4;3.54:4;3.32:4;3.10:4;2.88:4;2.66:4;2.44:4;2.22:4;2.00:4;1.76:4;1.54:4;1.32:4;1.10:4;0.88:4;0.66:4;0.44:4;0.22:4;0.00:4;
152;0.00:4;0.86:64;1.72:64;2.58:64;3.44:64;4.25:64;5.07:64;5.88:64;6.70:64;7.23:64;7.78:64;8.32:64;8.85:64;9.31:64;9.78:64;10.24:64;10.70:64;11.35:64;11.99:64;12.64:64;13.29:64;13.93:64;14.58:64;15.24:64;15.89:64;16.53:64;17.18:64;17.83:64;18.47:64;19.12:64;19.77:64;19.89:64;20.00:64;20.13:64;21.05:4;22.17:4;20.51:4;18.85:4;17.18:4;15.52:4;13.86:4;12.19:4;10.53:4;8.87:4;7.20:4;5.54:4;5.32:4;5.10:4;4.88:4;4.65:4;4.43:4;4.21:4;3.99:4;3.77:4;3.55:4;3.33:4;3.11:4;2.89:4;2.66:4;2.44:4;2.22:4;2.00:4;1.77:4;1.55:4;1.33:4;1.11:4;0.89:4;0.66:4;0.44:4;0.22:4;0.00:4;
153;0.00:4;0.85:64;1.69:64;2.53:64;3.38:64;4.19:64;4.99:64;5.80:64;6.60:64;7.14:64;7.69:64;8.23:64;8.78:64;9.23:64;9.68:64;10.14:64;10.59:64;11.22:64;11.85:64;12.48:64;13.11:64;13.78:64;14.44:64;15.09:64;15.75:64;16.40:64;17.06:64;17.72:64;18.38:64;19.04:64;19.69:64;19.81:64;19.93:64;20.04:64;21.08:4;22.24:4;20.57:4;18.90:4;17.23:4;15.56:4;13.90:4;12.23:4;10.56:4;8.89:4;7.22:4;5.55:4;5.33:4;5.11:4;4.89:4;4.67:4;4.45:4;4.22:4;4.00:4;3.78:4;3.56:4;3.34:4;3.12:4;2.89:4;2.67:4;2.45:4;2.23:4;2.01:4;1.77:4;1.55:4;1.33:4;1.11:4;0.89:4;0.67:4;0.44:4;0.22:4;0.00:4;
154;0.00:4;0.83:64;1.66:64;2.49:64;3.32:64;4.12:64;4.91:64;5.70:64;6.50:64;7.05:64;7.59:64;8.15:64;8.69:64;9.15:64;9.60:64;10.05:64;10.50:64;11.11:64;11.72:64;12.34:64;12.95:64;13.62:64;14.28:64;14.95:64;15.61:64;16.28:64;16.95:64;17.61:64;18.28:64;18.94:64;19.61:64;19.73:64;19.85:64;19.96:64;21.12:4;22.30:4;20.63:4;18.95:4;17.28:4;15.61:4;13.93:4;12.26:4;10.59:4;8.93:4;7.25:4;5.58:4;5.36:4;5.13:4;4.90:4;4.68:4;4.46:4;4.24:4;4.01:4;3.79:4;3.57:4;3.35:4;3.12:4;2.90:4;2.68:4;2.46:4;2.23:4;2.01:4;1.79:4;1.56:4;1.33:4;1.11:4;0.89:4;0.67:4;0.45:4;0.22:4;0.00:4;
155;0.00:4;0.82:64;1.63:64;2.45:64;3.27:64;4.04:64;4.83:64;5.62:64;6.41:64;6.95:64;7.51:64;8.05:64;8.61:64;9.06:64;9.50:64;9.95:64;10.40:64;10.99:64;11.59:64;12.18:64;12.78:64;13.45:64;14.13:64;14.81:64;15.48:64;16.16:64;16.83:64;17.50:64;18.18:64;18.86:64;19.53:64;19.65:64;19.76:64;19.93:4;21.15:4;22.37:4;20.69:4;19.02:4;17.34:4;15.66:4;13.98:4;12.31:4;10.63:4;8.95:4;7.27:4;5.60:4;5.37:4;5.15:4;4.92:4;4.69:4;4.47:4;4.25:4;4.02:4;3.80:4;3.58:4;3.36:4;3.13:4;2.91:4;2.69:4;2.46:4;2.24:4;2.02:4;1.79:4;1.56:4;1.34:4;1.12:4;0.89:4;0.67:4;0.45:4;0.22:4;0.00:4;
156;0.00:4;0.80:64;1.60:64;2.40:64;3.20:64;3.98:64;4.75:64;5.52:64;6.30:64;6.86:64;7.41:64;7.97:64;8.53:64;8.97:64;9.41:64;9.85:64;10.29:64;10.88:64;11.46:64;12.03:64;12.61:64;13.29:64;13.97:64;14.65:64;15.33:64;16.01:64;16.68:64;17.37:64;18.05:64;18.73:64;19.40:64;19.53:64;19.65:64;19.85:4;21.09:4;22.34:4;20.67:4;18.99:4;17.31:4;15.65:4;13.97:4;12.30:4;10.62:4;8.94:4;7.27:4;5.59:4;5.37:4;5.15:4;4.91:4;4.69:4;4.47:4;4.24:4;4.02:4;3.80:4;3.58:4;3.35:4;3.13:4;2.91:4;2.68:4;2.46:4;2.24:4;2.02:4;1.79:4;1.56:4;1.34:4;1.11:4;0.89:4;0.67:4;0.45:4;0.22:4;0.00:4;
157;0.00:4;0.79:64;1.58:64;2.35:64;3.14:64;3.91:64;4.67:64;5.44:64;6.21:64;6.76:64;7.32:64;7.89:64;8.44:64;8.88:64;9.32:64;9.75:64;10.20:64;10.75:64;11.32:64;11.88:64;12.44:64;13.13:64;13.81:64;14.49:64;15.18:64;15.87:64;16.55:64;17.23:64;17.91:64;18.61:64;19.29:64;19.40:64;19.52:64;19.75:4;21.04:4;22.32:4;20.65:4;18.98:4;17.30:4;15.63:4;13.95:4;12.29:4;10.61:4;8.94:4;7.26:4;5.59:4;5.36:4;5.13:4;4.91:4;4.69:4;4.46:4;4.24:4;4.02:4;3.80:4;3.57:4;3.35:4;3.13:4;2.90:4;2.68:4;2.46:4;2.24:4;2.01:4;1.79:4;1.56:4;1.34:4;1.11:4;0.89:4;0.67:4;0.45:4;0.22:4;0.00:4;
158;0.00:4;0.77:64;1.54:64;2.31:64;3.08:64;3.83:64;4.59:64;5.34:64;6.10:64;6.67:64;7.23:64;7.80:64;8.37:64;8.80:64;9.23:64;9.66:64;10.09:64;10.64:64;11.18:64;11.73:64;12.26:64;12.96:64;13.65:64;14.33:64;15.03:64;15.72:64;16.41:64;17.09:64;17.79:64;18.48:64;19.16:64;19.28:64;19.39:64;19.67:4;20.99:4;22.31:4;20.63:4;18.96:4;17.29:4;15.61:4;13.94:4;12.27:4;10.59:4;8.93:4;7.26:4;5.58:4;5.36:4;5.13:4;4.90:4;4.68:4;4.46:4;4.24:4;4.01:4;3.79:4;3.57:4;3.35:4;3.12:4;2.90:4;2.68:4;2.46:4;2.24:4;2.01:4;1.79:4;1.56:4;1.34:4;1.11:4;0.89:4;0.67:4;0.45:4;0.22:4;0.00:4;
159;0.00:4;0.76:64;1.51:64;2.27:64;3.02:64;3.77:64;4.52:64;5.26:64;6.01:64;6.57:64;7.14:64;7.71:64;8.28:64;8.72:64;9.14:64;9.57:64;10.00:64;10.52:64;11.05:64;11.57:64;12.10:64;12.79:64;13.49:64;14.19:64;14.88:64;15.57:64;16.26:64;16.96:64;17.65:64;18.35:64;19.05:64;19.16:64;19.27:64;19.58:4;20.94:4;22.29:4;20.62:4;18.94:4;17.27:4;15.60:4;13.93:4;12.26:4;10.58:4;8.91:4;7.25:4;5.58:4;5.34:4;5.12:4;4.90:4;4.68:4;4.46:4;4.23:4;4.01:4;3.79:4;3.57:4;3.34:4;3.12:4;2.90:4;2.68:4;2.46:4;2.23:4;2.01:4;1.79:4;1.56:4;1.33:4;1.11:4;0.89:4;0.67:4;0.44:4;0.22:4;0.00:4;
160;0.00:4;0.75:64;1.48:64;2.23:64;2.96:64;3.70:64;4.43:64;5.17:64;5.90:64;6.48:64;7.06:64;7.62:64;8.20:64;8.62:64;9.05:64;9.47:64;9.89:64;10.41:64;10.91:64;11.42:64;11.93:64;12.63:64;13.32:64;14.03:64;14.72:64;15.42:64;16.13:64;16.82:64;17.52:64;18.22:64;18.92:64;19.04:64;19.15:64;19.50:4;20.88:4;22.27:4;20.60:4;18.93:4;17.26:4;15.59:4;13.92:4;12.25:4;10.58:4;8.90:4;7.23:4;5.57:4;5.34:4;5.12:4;4.90:4;4.67:4;4.45:4;4.23:4;4.01:4;3.79:4;3.56:4;3.34:4;3.12:4;2.90:4;2.68:4;2.45:4;2.23:4;2.01:4;1.79:4;1.56:4;1.33:4;1.11:4;0.89:4;0.67:4;0.44:4;0.22:4;0.00:4;
161;0.00:4;0.74:64;1.47:64;2.19:64;2.93:64;3.65:64;4.39:64;5.11:64;5.84:64;6.42:64;6.99:64;7.57:64;8.15:64;8.57:64;8.99:64;9.42:64;9.84:64;10.34:64;10.85:64;11.35:64;11.85:64;12.55:64;13.24:64;13.93:64;14.63:64;15.32:64;16.01:64;16.71:64;17.40:64;18.09:64;18.78:64;18.89:64;19.01:64;19.32:4;20.73:4;22.13:4;20.48:4;18.82:4;17.16:4;15.50:4;13.84:4;12.18:4;10.52:4;8.85:4;7.19:4;5.53:4;5.31:4;5.09:4;4.87:4;4.65:4;4.43:4;4.21:4;3.99:4;3.77:4;3.54:4;3.32:4;3.10:4;2.88:4;2.66:4;2.44:4;2.22:4;2.00:4;1.77:4;1.55:4;1.33:4;1.10:4;0.88:4;0.66:4;0.44:4;0.22:4;0.00:4;
162;0.00:4;0.72:64;1.45:64;2.17:64;2.90:64;3.62:64;4.34:64;5.06:64;5.79:64;6.36:64;6.94:64;7.51:64;8.09:64;8.52:64;8.94:64;9.37:64;9.79:64;10.29:64;10.78:64;11.28:64;11.77:64;12.46:64;13.15:64;13.83:64;14.52:64;15.20:64;15.90:64;16.58:64;17.27:64;17.96:64;18.64:64;18.75:64;18.87:64;19.15:4;20.58:4;22.01:4;20.36:4;18.71:4;17.05:4;15.40:4;13.76:4;12.11:4;10.46:4;8.80:4;7.15:4;5.50:4;5.28:4;5.06:4;4.84:4;4.62:4;4.40:4;4.18:4;3.96:4;3.74:4;3.52:4;3.30:4;3.08:4;2.86:4;2.65:4;2.43:4;2.21:4;1.98:4;1.76:4;1.54:4;1.32:4;1.10:4;0.88:4;0.66:4;0.44:4;0.22:4;0.00:4;
163;0.00:4;0.71:64;1.44:64;2.15:64;2.87:64;3.58:64;4.29:64;5.01:64;5.72:64;6.30:64;6.88:64;7.46:64;8.03:64;8.46:64;8.88:64;9.31:64;9.74:64;10.23:64;10.72:64;11.20:64;11.70:64;12.38:64;13.06:64;13.73:64;14.42:64;15.10:64;15.78:64;16.46:64;17.14:64;17.82:64;18.50:64;18.62:64;18.72:64;18.98:4;20.42:4;21.87:4;20.23:4;18.60:4;16.96:4;15.31:4;13.67:4;12.03:4;10.40:4;8.75:4;7.11:4;5.47:4;5.25:4;5.03:4;4.81:4;4.60:4;4.38:4;4.16:4;3.94:4;3.72:4;3.50:4;3.29:4;3.07:4;2.85:4;2.63:4;2.40:4;2.18:4;1.97:4;1.75:4;1.53:4;1.31:4;1.09:4;0.87:4;0.66:4;0.44:4;0.22:4;0.00:4;
164;0.00:4;0.71:64;1.42:64;2.13:64;2.84:64;3.54:64;4.25:64;4.96:64;5.67:64;6.25:64;6.83:64;7.39:64;7.97:64;8.40:64;8.83:64;9.26:64;9.69:64;10.17:64;10.66:64;11.14:64;11.61:64;12.30:64;12.97:64;13.64:64;14.31:64;14.99:64;15.67:64;16.34:64;17.01:64;17.69:64;18.36:64;18.47:64;18.59:64;18.81:4;20.28:4;21.75:4;20.11:4;18.48:4;16.85:4;15.21:4;13.59:4;11.96:4;10.33:4;8.69:4;7.07:4;5.44:4;5.22:4;5.00:4;4.79:4;4.57:4;4.35:4;4.13:4;3.92:4;3.70:4;3.48:4;3.27:4;3.05:4;2.82:4;2.61:4;2.39:4;2.17:4;1.95:4;1.74:4;1.52:4;1.30:4;1.09:4;0.87:4;0.65:4;0.43:4;0.22:4;0.00:4;
165;0.00:4;0.70:64;1.41:64;2.10:64;2.80:64;3.51:64;4.21:64;4.90:64;5.61:64;6.18:64;6.76:64;7.34:64;7.92:64;8.35:64;8.78:64;9.21:64;9.64:64;10.11:64;10.59:64;11.07:64;11.54:64;12.21:64;12.87:64;13.55:64;14.22:64;14.88:64;15.55:64;16.22:64;16.88:64;17.56:64;18.23:64;18.33:64;18.44:64;18.64:4;20.12:4;21.61:4;19.99:4;18.36:4;16.75:4;15.13:4;13.50:4;11.89:4;10.27:4;8.64:4;7.02:4;5.41:4;5.19:4;4.97:4;4.76:4;4.54:4;4.33:4;4.11:4;3.89:4;3.68:4;3.45:4;3.24:4;3.02:4;2.81:4;2.59:4;2.37:4;2.16:4;1.94:4;1.73:4;1.51:4;1.30:4;1.08:4;0.86:4;0.65:4;0.43:4;0.22:4;0.00:4;
166;0.00:4;0.69:64;1.39:64;2.08:64;2.77:64;3.47:64;4.16:64;4.85:64;5.54:64;6.12:64;6.71:64;7.29:64;7.86:64;8.30:64;8.73:64;9.16:64;9.59:64;10.06:64;10.52:64;10.99:64;11.47:64;12.13:64;12.79:64;13.45:64;14.11:64;14.77:64;15.44:64;16.10:64;16.76:64;17.42:64;18.08:64;18.20:64;18.30:64;18.51:4;19.99:4;21.47:4;19.87:4;18.26:4;16.64:4;15.04:4;13.42:4;11.81:4;10.21:4;8.59:4;6.98:4;5.37:4;5.16:4;4.94:4;4.73:4;4.52:4;4.29:4;4.08:4;3.86:4;3.65:4;3.43:4;3.22:4;3.00:4;2.79:4;2.58:4;2.36:4;2.15:4;1.93:4;1.72:4;1.50:4;1.29:4;1.07:4;0.86:4;0.64:4;0.43:4;0.22:4;0.00:4;
167;0.00:4;0.68:64;1.38:64;2.06:64;2.74:64;3.42:64;4.12:64;4.80:64;5.49:64;6.07:64;6.65:64;7.22:64;7.80:64;8.24:64;8.67:64;9.10:64;9.53:64;10.00:64;10.46:64;10.92:64;11.38:64;12.04:64;12.69:64;13.36:64;14.01:64;14.67:64;15.32:64;15.98:64;16.63:64;17.28:64;17.94:64;18.05:64;18.15:64;18.40:4;19.87:4;21.35:4;19.74:4;18.14:4;16.54:4;14.94:4;13.35:4;11.74:4;10.14:4;8.54:4;6.94:4;5.33:4;5.12:4;4.91:4;4.69:4;4.48:4;4.27:4;4.05:4;3.84:4;3.63:4;3.41:4;3.20:4;2.99:4;2.77:4;2.56:4;2.35:4;2.13:4;1.92:4;1.71:4;1.49:4;1.28:4;1.07:4;0.85:4;0.64:4;0.43:4;0.21:4;0.00:4;
168;0.00:4;0.68:64;1.35:64;2.04:64;2.71:64;3.39:64;4.07:64;4.75:64;5.43:64;6.01:64;6.59:64;7.17:64;7.75:64;8.18:64;8.62:64;9.05:64;9.49:64;9.94:64;10.40:64;10.86:64;11.31:64;11.96:64;12.61:64;13.25:64;13.90:64;14.55:64;15.20:64;15.86:64;16.51:64;17.16:64;17.81:64;17.91:64;18.02:64;18.27:4;19.74:4;21.21:4;19.62:4;18.03:4;16.44:4;14.85:4;13.26:4;11.67:4;10.08:4;8.48:4;6.90:4;5.30:4;5.09:4;4.88:4;4.67:4;4.45:4;4.24:4;4.03:4;3.82:4;3.60:4;3.39:4;3.18:4;2.97:4;2.76:4;2.54:4;2.33:4;2.12:4;1.91:4;1.70:4;1.49:4;1.27:4;1.06:4;0.85:4;0.64:4;0.42:4;0.21:4;0.00:4;
169;0.00:4;0.67:64;1.34:64;2.01:64;2.68:64;3.35:64;4.02:64;4.69:64;5.38:64;5.95:64;6.53:64;7.11:64;7.69:64;8.13:64;8.57:64;9.00:64;9.44:64;9.89:64;10.33:64;10.78:64;11.22:64;11.88:64;12.52:64;13.16:64;13.81:64;14.45:64;15.09:64;15.73:64;16.38:64;17.02:64;17.66:64;17.77:64;17.88:64;18.15:4;19.61:4;21.08:4;19.50:4;17.91:4;16.34:4;14.75:4;13.18:4;11.59:4;10.02:4;8.43:4;6.86:4;5.27:4;5.06:4;4.85:4;4.64:4;4.43:4;4.22:4;4.00:4;3.79:4;3.58:4;3.37:4;3.16:4;2.95:4;2.74:4;2.53:4;2.32:4;2.11:4;1.90:4;1.69:4;1.48:4;1.27:4;1.05:4;0.84:4;0.63:4;0.42:4;0.21:4;0.00:4;
170;0.00:4;0.66:64;1.32:64;1.98:64;2.65:64;3.32:64;3.98:64;4.65:64;5.31:64;5.89:64;6.48:64;7.06:64;7.63:64;8.07:64;8.52:64;8.95:64;9.39:64;9.83:64;10.27:64;10.71:64;11.15:64;11.79:64;12.42:64;13.06:64;13.70:64;14.34:64;14.97:64;15.61:64;16.25:64;16.88:64;17.52:64;17.63:64;17.73:64;18.03:4;19.49:4;20.95:4;19.37:4;17.81:4;16.23:4;14.67:4;13.09:4;11.52:4;9.95:4;8.38:4;6.80:4;5.24:4;5.03:4;4.82:4;4.61:4;4.40:4;4.19:4;3.98:4;3.77:4;3.56:4;3.35:4;3.14:4;2.93:4;2.72:4;2.51:4;2.30:4;2.10:4;1.89:4;1.68:4;1.47:4;1.26:4;1.05:4;0.84:4;0.63:4;0.42:4;0.21:4;0.00:4;
171;0.00:4;0.66:64;1.32:64;1.97:64;2.64:64;3.30:64;3.97:64;4.63:64;5.29:64;5.88:64;6.46:64;7.04:64;7.61:64;8.05:64;8.49:64;8.93:64;9.37:64;9.81:64;10.25:64;10.69:64;11.12:64;11.76:64;12.39:64;13.03:64;13.66:64;14.30:64;14.93:64;15.57:64;16.20:64;16.83:64;17.47:64;17.58:64;17.68:64;17.99:4;19.44:4;20.88:4;19.32:4;17.75:4;16.18:4;14.62:4;13.05:4;11.49:4;9.92:4;8.35:4;6.78:4;5.22:4;5.01:4;4.80:4;4.60:4;4.39:4;4.18:4;3.97:4;3.76:4;3.55:4;3.34:4;3.13:4;2.92:4;2.72:4;2.51:4;2.30:4;2.09:4;1.88:4;1.67:4;1.46:4;1.25:4;1.04:4;0.84:4;0.63:4;0.42:4;0.21:4;0.00:4;
172;0.00:4;0.66:64;1.31:64;1.97:64;2.63:64;3.29:64;3.95:64;4.62:64;5.28:64;5.86:64;6.44:64;7.01:64;7.59:64;8.03:64;8.47:64;8.90:64;9.35:64;9.79:64;10.23:64;10.66:64;11.10:64;11.73:64;12.36:64;12.99:64;13.63:64;14.26:64;14.89:64;15.52:64;16.15:64;16.78:64;17.42:64;17.52:64;17.63:64;17.94:4;19.38:4;20.81:4;19.26:4;17.69:4;16.13:4;14.57:4;13.01:4;11.45:4;9.89:4;8.33:4;6.76:4;5.21:4;5.00:4;4.79:4;4.58:4;4.37:4;4.16:4;3.96:4;3.75:4;3.54:4;3.33:4;3.12:4;2.92:4;2.71:4;2.50:4;2.29:4;2.08:4;1.87:4;1.67:4;1.46:4;1.25:4;1.04:4;0.83:4;0.63:4;0.42:4;0.21:4;0.00:4;
173;0.00:4;0.65:64;1.31:64;1.96:64;2.61:64;3.28:64;3.94:64;4.60:64;5.26:64;5.84:64;6.42:64;6.99:64;7.57:64;8.01:64;8.45:64;8.89:64;9.32:64;9.77:64;10.20:64;10.64:64;11.07:64;11.70:64;12.33:64;12.96:64;13.59:64;14.22:64;14.85:64;15.48:64;16.11:64;16.74:64;17.36:64;17.46:64;17.57:64;17.91:4;19.33:4;20.75:4;19.19:4;17.63:4;16.08:4;14.52:4;12.97:4;11.41:4;9.86:4;8.30:4;6.74:4;5.19:4;4.98:4;4.77:4;4.57:4;4.36:4;4.15:4;3.94:4;3.74:4;3.53:4;3.32:4;3.11:4;2.91:4;2.70:4;2.49:4;2.28:4;2.08:4;1.87:4;1.66:4;1.45:4;1.25:4;1.04:4;0.83:4;0.62:4;0.42:4;0.21:4;0.00:4;
174;0.00:4;0.65:64;1.30:64;1.95:64;2.60:64;3.27:64;3.93:64;4.59:64;5.24:64;5.82:64;6.39:64;6.97:64;7.55:64;7.99:64;8.43:64;8.87:64;9.30:64;9.74:64;10.17:64;10.61:64;11.05:64;11.67:64;12.30:64;12.93:64;13.55:64;14.18:64;14.81:64;15.42:64;16.05:64;16.68:64;17.30:64;17.41:64;17.51:64;17.87:4;19.28:4;20.67:4;19.13:4;17.58:4;16.02:4;14.48:4;12.93:4;11.37:4;9.82:4;8.27:4;6.72:4;5.17:4;4.97:4;4.76:4;4.55:4;4.35:4;4.14:4;3.93:4;3.73:4;3.52:4;3.31:4;3.10:4;2.90:4;2.69:4;2.48:4;2.28:4;2.07:4;1.86:4;1.66:4;1.45:4;1.24:4;1.04:4;0.83:4;0.62:4;0.41:4;0.21:4;0.00:4;
175;0.00:4;0.65:64;1.30:64;1.95:64;2.60:64;3.26:64;3.92:64;4.57:64;5.23:64;5.81:64;6.38:64;6.96:64;7.54:64;7.97:64;8.41:64;8.85:64;9.29:64;9.72:64;10.15:64;10.58:64;11.01:64;11.63:64;12.26:64;12.88:64;13.51:64;14.13:64;14.75:64;15.38:64;16.00:64;16.63:64;17.25:64;17.36:64;17.46:64;17.83:4;19.22:4;20.61:4;19.07:4;17.52:4;15.97:4;14.43:4;12.88:4;11.34:4;9.79:4;8.24:4;6.70:4;5.16:4;4.95:4;4.75:4;4.54:4;4.33:4;4.13:4;3.92:4;3.71:4;3.51:4;3.30:4;3.09:4;2.89:4;2.68:4;2.48:4;2.27:4;2.06:4;1.86:4;1.65:4;1.44:4;1.24:4;1.03:4;0.83:4;0.62:4;0.41:4;0.21:4;0.00:4;
176;0.00:4;0.65:64;1.29:64;1.94:64;2.59:64;3.24:64;3.90:64;4.56:64;5.21:64;5.79:64;6.36:64;6.94:64;7.52:64;7.95:64;8.39:64;8.83:64;9.27:64;9.70:64;10.13:64;10.56:64;10.98:64;11.61:64;12.23:64;12.85:64;13.47:64;14.09:64;14.71:64;15.33:64;15.96:64;16.58:64;17.20:64;17.30:64;17.40:64;17.79:4;19.16:4;20.55:4;19.01:4;17.46:4;15.92:4;14.39:4;12.84:4;11.30:4;9.75:4;8.22:4;6.68:4;5.13:4;4.94:4;4.73:4;4.53:4;4.32:4;4.11:4;3.91:4;3.70:4;3.50:4;3.29:4;3.08:4;2.88:4;2.67:4;2.47:4;2.26:4;2.06:4;1.85:4;1.65:4;1.44:4;1.23:4;1.03:4;0.82:4;0.62:4;0.41:4;0.21:4;0.00:4;
177;0.00:4;0.65:64;1.29:64;1.93:64;2.58:64;3.23:64;3.89:64;4.54:64;5.19:64;5.76:64;6.34:64;6.92:64;7.50:64;7.94:64;8.37:64;8.81:64;9.25:64;9.67:64;10.10:64;10.53:64;10.96:64;11.58:64;12.20:64;12.81:64;13.43:64;14.05:64;14.67:64;15.29:64;15.91:64;16.53:64;17.15:64;17.24:64;17.35:64;17.75:4;19.11:4;20.48:4;18.94:4;17.41:4;15.87:4;14.33:4;12.80:4;11.27:4;9.72:4;8.19:4;6.66:4;5.12:4;4.91:4;4.71:4;4.50:4;4.31:4;4.10:4;3.90:4;3.69:4;3.49:4;3.28:4;3.08:4;2.87:4;2.67:4;2.46:4;2.26:4;2.05:4;1.85:4;1.64:4;1.44:4;1.23:4;1.03:4;0.82:4;0.62:4;0.41:4;0.21:4;0.00:4;
178;0.00:4;0.64:64;1.28:64;1.93:64;2.57:64;3.22:64;3.87:64;4.53:64;5.17:64;5.74:64;6.32:64;6.90:64;7.48:64;7.92:64;8.35:64;8.79:64;9.23:64;9.65:64;10.08:64;10.51:64;10.93:64;11.55:64;12.16:64;12.78:64;13.40:64;14.01:64;14.63:64;15.25:64;15.86:64;16.47:64;17.08:64;17.19:64;17.29:64;17.70:4;19.06:4;20.41:4;18.88:4;17.35:4;15.81:4;14.29:4;12.76:4;11.22:4;9.69:4;8.17:4;6.64:4;5.10:4;4.90:4;4.69:4;4.49:4;4.28:4;4.08:4;3.87:4;3.68:4;3.48:4;3.27:4;3.07:4;2.86:4;2.66:4;2.45:4;2.25:4;2.04:4;1.84:4;1.64:4;1.43:4;1.23:4;1.02:4;0.82:4;0.61:4;0.41:4;0.20:4;0.00:4;
179;0.00:4;0.64:64;1.28:64;1.92:64;2.56:64;3.21:64;3.85:64;4.50:64;5.16:64;5.73:64;6.30:64;6.88:64;7.46:64;7.90:64;8.33:64;8.77:64;9.21:64;9.63:64;10.06:64;10.48:64;10.91:64;11.52:64;12.13:64;12.75:64;13.36:64;13.97:64;14.58:64;15.19:64;15.81:64;16.42:64;17.03:64;17.14:64;17.24:64;17.66:4;19.01:4;20.34:4;18.82:4;17.29:4;15.77:4;14.24:4;12.72:4;11.19:4;9.66:4;8.14:4;6.62:4;5.08:4;4.88:4;4.68:4;4.47:4;4.27:4;4.07:4;3.86:4;3.66:4;3.45:4;3.26:4;3.06:4;2.85:4;2.65:4;2.45:4;2.24:4;2.04:4;1.83:4;1.63:4;1.43:4;1.22:4;1.02:4;0.82:4;0.61:4;0.41:4;0.20:4;0.00:4;
180;0.00:4;0.64:64;1.28:64;1.91:64;2.55:64;3.20:64;3.84:64;4.49:64;5.13:64;5.71:64;6.29:64;6.86:64;7.43:64;7.88:64;8.32:64;8.75:64;9.19:64;9.61:64;10.04:64;10.46:64;10.88:64;11.49:64;12.10:64;12.71:64;13.31:64;13.93:64;14.54:64;15.15:64;15.76:64;16.37:64;16.98:64;17.08:64;17.18:64;17.63:4;18.95:4;20.28:4;18.75:4;17.23:4;15.72:4;14.20:4;12.67:4;11.15:4;9.63:4;8.11:4;6.59:4;5.07:4;4.86:4;4.66:4;4.46:4;4.26:4;4.05:4;3.85:4;3.65:4;3.44:4;3.24:4;3.05:4;2.84:4;2.64:4;2.44:4;2.23:4;2.03:4;1.83:4;1.63:4;1.42:4;1.22:4;1.02:4;0.81:4;0.61:4;0.41:4;0.20:4;0.00:4;
