tws,sail_id,twa,boat_speed
0,1,0,0.00
2,1,0,0.00
4,1,0,0.00
8,1,0,0.00
10,1,0,0.00
12,1,0,0.00
16,1,0,0.00
18,1,0,0.00
20,1,0,0.00
24,1,0,0.00
28,1,0,0.00
32,1,0,0.00
36,1,0,0.00
40,1,0,0.00
50,1,0,0.00
70,1,0,0.00
0,1,30,0.00
2,1,30,0.19
4,1,30,0.29
8,1,30,0.49
10,1,30,0.58
12,1,30,0.67
16,1,30,4.65
18,1,30,4.17
20,1,30,4.87
24,1,30,4.87
28,1,30,2.13
32,1,30,2.13
36,1,30,1.26
40,1,30,0.97
50,1,30,0.38
70,1,30,0.00
0,1,40,0.00
2,1,40,0.39
4,1,40,1.26
8,1,40,3.30
10,1,40,2.86
12,1,40,3.28
16,1,40,6.52
18,1,40,6.27
20,1,40,7.04
24,1,40,7.22
28,1,40,3.99
32,1,40,3.98
36,1,40,1.78
40,1,40,1.58
50,1,40,0.76
70,1,40,0.00
0,1,50,0.00
2,1,50,0.91
4,1,50,2.88
8,1,50,5.61
10,1,50,6.82
12,1,50,7.12
16,1,50,8.77
18,1,50,8.57
20,1,50,9.04
24,1,50,8.97
28,1,50,7.37
32,1,50,6.86
36,1,50,3.78
40,1,50,2.91
50,1,50,1.58
70,1,50,0.00
0,1,52,0.00
2,1,52,1.13
4,1,52,3.18
8,1,52,6.07
10,1,52,7.53
12,1,52,7.60
16,1,52,9.07
18,1,52,8.80
20,1,52,9.20
24,1,52,9.19
28,1,52,8.19
32,1,52,7.47
36,1,52,4.56
40,1,52,3.64
50,1,52,1.75
70,1,52,0.00
0,1,54,0.00
2,1,54,1.39
4,1,54,3.44
8,1,54,6.58
10,1,54,8.03
12,1,54,8.20
16,1,54,9.26
18,1,54,8.97
20,1,54,9.36
24,1,54,9.39
28,1,54,8.64
32,1,54,8.28
36,1,54,5.59
40,1,54,4.21
50,1,54,1.87
70,1,54,0.00
0,1,56,0.00
2,1,56,1.59
4,1,56,3.75
8,1,56,7.03
10,1,56,8.36
12,1,56,8.50
16,1,56,9.42
18,1,56,9.19
20,1,56,9.51
24,1,56,9.56
28,1,56,9.10
32,1,56,8.78
36,1,56,7.44
40,1,56,5.24
50,1,56,1.95
70,1,56,0.00
0,1,58,0.00
2,1,58,1.83
4,1,58,4.01
8,1,58,7.43
10,1,58,8.52
12,1,58,8.79
16,1,58,9.53
18,1,58,9.36
20,1,58,9.63
24,1,58,9.71
28,1,58,9.47
32,1,58,9.25
36,1,58,8.40
40,1,58,6.94
50,1,58,1.99
70,1,58,0.00
0,1,60,0.00
2,1,60,1.99
4,1,60,4.28
8,1,60,7.49
10,1,60,8.70
12,1,60,9.04
16,1,60,9.64
18,1,60,9.56
20,1,60,9.80
24,1,60,9.86
28,1,60,9.74
32,1,60,9.68
36,1,60,9.03
40,1,60,8.33
50,1,60,2.01
70,1,60,0.00
0,1,65,0.00
2,1,65,2.39
4,1,65,4.69
8,1,65,7.64
10,1,65,8.94
12,1,65,9.41
16,1,65,10.00
18,1,65,10.05
20,1,65,10.14
24,1,65,10.27
28,1,65,10.39
32,1,65,10.59
36,1,65,10.35
40,1,65,9.79
50,1,65,2.03
70,1,65,0.00
0,1,70,0.00
2,1,70,2.49
4,1,70,4.80
8,1,70,7.77
10,1,70,9.27
12,1,70,9.79
16,1,70,10.34
18,1,70,10.43
20,1,70,10.52
24,1,70,10.82
28,1,70,11.07
32,1,70,11.34
36,1,70,11.22
40,1,70,10.77
50,1,70,2.03
70,1,70,0.00
0,1,75,0.00
2,1,75,2.52
4,1,75,4.88
8,1,75,7.86
10,1,75,9.45
12,1,75,10.11
16,1,75,10.68
18,1,75,10.83
20,1,75,10.97
24,1,75,11.28
28,1,75,11.63
32,1,75,11.99
36,1,75,11.90
40,1,75,11.48
50,1,75,2.03
70,1,75,0.00
0,1,80,0.00
2,1,80,2.55
4,1,80,4.93
8,1,80,7.96
10,1,80,9.59
12,1,80,10.22
16,1,80,10.95
18,1,80,11.14
20,1,80,11.33
24,1,80,11.80
28,1,80,12.24
32,1,80,12.67
36,1,80,12.68
40,1,80,12.15
50,1,80,2.03
70,1,80,0.00
0,1,85,0.00
2,1,85,2.55
4,1,85,4.93
8,1,85,7.99
10,1,85,9.64
12,1,85,10.32
16,1,85,11.17
18,1,85,11.42
20,1,85,11.65
24,1,85,12.23
28,1,85,12.77
32,1,85,13.27
36,1,85,13.31
40,1,85,12.90
50,1,85,2.03
70,1,85,0.00
0,1,90,0.00
2,1,90,2.53
4,1,90,4.93
8,1,90,8.02
10,1,90,9.71
12,1,90,10.42
16,1,90,11.39
18,1,90,11.68
20,1,90,11.97
24,1,90,12.62
28,1,90,13.29
32,1,90,13.87
36,1,90,13.89
40,1,90,13.61
50,1,90,2.03
70,1,90,0.00
0,1,95,0.00
2,1,95,2.47
4,1,95,4.88
8,1,95,8.01
10,1,95,9.70
12,1,95,10.47
16,1,95,11.59
18,1,95,11.95
20,1,95,12.31
24,1,95,12.98
28,1,95,13.72
32,1,95,14.39
36,1,95,14.53
40,1,95,14.06
50,1,95,2.03
70,1,95,0.00
0,1,100,0.00
2,1,100,2.39
4,1,100,4.77
8,1,100,7.99
10,1,100,9.69
12,1,100,10.52
16,1,100,11.78
18,1,100,12.21
20,1,100,12.65
24,1,100,13.33
28,1,100,14.14
32,1,100,14.90
36,1,100,15.05
40,1,100,14.39
50,1,100,2.03
70,1,100,0.00
0,1,105,0.00
2,1,105,2.27
4,1,105,4.60
8,1,105,7.89
10,1,105,9.62
12,1,105,10.52
16,1,105,11.98
18,1,105,12.50
20,1,105,13.02
24,1,105,13.76
28,1,105,14.55
32,1,105,15.40
36,1,105,15.58
40,1,105,14.78
50,1,105,2.03
70,1,105,0.00
0,1,110,0.00
2,1,110,2.12
4,1,110,4.38
8,1,110,7.70
10,1,110,9.46
12,1,110,10.51
16,1,110,12.17
18,1,110,12.77
20,1,110,13.38
24,1,110,14.21
28,1,110,15.03
32,1,110,15.86
36,1,110,15.93
40,1,110,15.05
50,1,110,2.03
70,1,110,0.00
0,1,115,0.00
2,1,115,1.94
4,1,115,4.06
8,1,115,7.35
10,1,115,9.12
12,1,115,10.29
16,1,115,12.35
18,1,115,13.00
20,1,115,13.66
24,1,115,14.51
28,1,115,15.36
32,1,115,16.34
36,1,115,16.21
40,1,115,15.45
50,1,115,2.03
70,1,115,0.00
0,1,120,0.00
2,1,120,1.76
4,1,120,3.71
8,1,120,6.94
10,1,120,8.67
12,1,120,9.97
16,1,120,12.45
18,1,120,13.23
20,1,120,13.94
24,1,120,14.82
28,1,120,15.71
32,1,120,16.72
36,1,120,16.34
40,1,120,15.77
50,1,120,2.03
70,1,120,0.00
0,1,125,0.00
2,1,125,1.54
4,1,125,3.30
8,1,125,6.42
10,1,125,8.15
12,1,125,9.46
16,1,125,12.31
18,1,125,13.35
20,1,125,14.04
24,1,125,15.01
28,1,125,15.97
32,1,125,17.03
36,1,125,16.56
40,1,125,16.07
50,1,125,2.03
70,1,125,0.00
0,1,130,0.00
2,1,130,1.32
4,1,130,2.86
8,1,130,5.87
10,1,130,7.47
12,1,130,8.88
16,1,130,12.02
18,1,130,13.09
20,1,130,14.00
24,1,130,15.17
28,1,130,16.21
32,1,130,17.34
36,1,130,16.54
40,1,130,16.25
50,1,130,2.03
70,1,130,0.00
0,1,135,0.00
2,1,135,1.06
4,1,135,2.21
8,1,135,5.19
10,1,135,6.65
12,1,135,8.07
16,1,135,11.38
18,1,135,12.51
20,1,135,13.67
24,1,135,15.25
28,1,135,16.60
32,1,135,17.73
36,1,135,16.52
40,1,135,16.39
50,1,135,2.03
70,1,135,0.00
0,1,140,0.00
2,1,140,0.61
4,1,140,1.48
8,1,140,4.32
10,1,140,5.62
12,1,140,7.17
16,1,140,10.35
18,1,140,11.57
20,1,140,12.91
24,1,140,14.82
28,1,140,16.56
32,1,140,18.03
36,1,140,16.36
40,1,140,16.49
50,1,140,2.05
70,1,140,0.00
0,1,145,0.00
2,1,145,0.35
4,1,145,0.90
8,1,145,3.52
10,1,145,4.68
12,1,145,6.10
16,1,145,9.05
18,1,145,10.45
20,1,145,12.00
24,1,145,14.04
28,1,145,16.09
32,1,145,17.87
36,1,145,16.26
40,1,145,16.53
50,1,145,2.06
70,1,145,0.00
0,1,150,0.00
2,1,150,0.21
4,1,150,0.49
8,1,150,2.52
10,1,150,3.64
12,1,150,4.72
16,1,150,7.82
18,1,150,9.16
20,1,150,10.63
24,1,150,12.72
28,1,150,15.26
32,1,150,17.43
36,1,150,15.99
40,1,150,16.32
50,1,150,2.08
70,1,150,0.00
0,1,155,0.00
2,1,155,0.15
4,1,155,0.32
8,1,155,1.81
10,1,155,2.60
12,1,155,3.54
16,1,155,6.17
18,1,155,7.41
20,1,155,8.83
24,1,155,11.04
28,1,155,14.21
32,1,155,16.22
36,1,155,15.07
40,1,155,15.93
50,1,155,2.03
70,1,155,0.00
0,1,160,0.00
2,1,160,0.10
4,1,160,0.21
8,1,160,1.19
10,1,160,1.89
12,1,160,2.64
16,1,160,4.77
18,1,160,5.56
20,1,160,6.90
24,1,160,8.87
28,1,160,12.60
32,1,160,14.98
36,1,160,13.96
40,1,160,15.01
50,1,160,1.99
70,1,160,0.00
0,1,170,0.00
2,1,170,0.05
4,1,170,0.11
8,1,170,0.57
10,1,170,1.00
12,1,170,1.43
16,1,170,2.80
18,1,170,3.06
20,1,170,3.98
24,1,170,5.74
28,1,170,9.54
32,1,170,12.08
36,1,170,11.19
40,1,170,11.94
50,1,170,1.80
70,1,170,0.00
0,1,180,0.00
2,1,180,0.03
4,1,180,0.06
8,1,180,0.27
10,1,180,0.52
12,1,180,0.76
16,1,180,1.55
18,1,180,1.55
20,1,180,2.20
24,1,180,3.50
28,1,180,5.19
32,1,180,7.26
36,1,180,7.29
40,1,180,7.68
50,1,180,1.11
70,1,180,0.00
0,2,0,0.00
2,2,0,0.00
4,2,0,0.00
8,2,0,0.00
10,2,0,0.00
12,2,0,0.00
16,2,0,0.00
18,2,0,0.00
20,2,0,0.00
24,2,0,0.00
28,2,0,0.00
32,2,0,0.00
36,2,0,0.00
40,2,0,0.00
50,2,0,0.00
70,2,0,0.00
0,2,30,0.00
2,2,30,0.01
4,2,30,0.01
8,2,30,0.00
10,2,30,0.00
12,2,30,0.00
16,2,30,0.00
18,2,30,0.00
20,2,30,0.00
24,2,30,0.00
28,2,30,0.00
32,2,30,0.00
36,2,30,0.00
40,2,30,0.00
50,2,30,0.00
70,2,30,0.00
0,2,40,0.00
2,2,40,0.07
4,2,40,0.15
8,2,40,0.14
10,2,40,0.06
12,2,40,0.03
16,2,40,0.01
18,2,40,0.00
20,2,40,0.00
24,2,40,0.00
28,2,40,0.00
32,2,40,0.00
36,2,40,0.00
40,2,40,0.00
50,2,40,0.00
70,2,40,0.00
0,2,50,0.00
2,2,50,0.35
4,2,50,0.82
8,2,50,0.77
10,2,50,0.59
12,2,50,0.36
16,2,50,0.11
18,2,50,0.04
20,2,50,0.02
24,2,50,0.00
28,2,50,0.00
32,2,50,0.00
36,2,50,0.00
40,2,50,0.00
50,2,50,0.00
70,2,50,0.00
0,2,52,0.00
2,2,52,0.48
4,2,52,1.04
8,2,52,1.00
10,2,52,0.81
12,2,52,0.49
16,2,52,0.16
18,2,52,0.06
20,2,52,0.04
24,2,52,0.01
28,2,52,0.00
32,2,52,0.00
36,2,52,0.00
40,2,52,0.00
50,2,52,0.00
70,2,52,0.00
0,2,54,0.00
2,2,54,0.66
4,2,54,1.28
8,2,54,1.29
10,2,54,1.05
12,2,54,0.67
16,2,54,0.23
18,2,54,0.10
20,2,54,0.06
24,2,54,0.01
28,2,54,0.00
32,2,54,0.00
36,2,54,0.00
40,2,54,0.00
50,2,54,0.00
70,2,54,0.00
0,2,56,0.00
2,2,56,0.84
4,2,56,1.57
8,2,56,1.62
10,2,56,1.33
12,2,56,0.87
16,2,56,0.31
18,2,56,0.15
20,2,56,0.09
24,2,56,0.03
28,2,56,0.00
32,2,56,0.00
36,2,56,0.00
40,2,56,0.00
50,2,56,0.00
70,2,56,0.00
0,2,58,0.00
2,2,58,1.05
4,2,58,1.86
8,2,58,1.99
10,2,58,1.61
12,2,58,1.10
16,2,58,0.42
18,2,58,0.21
20,2,58,0.14
24,2,58,0.04
28,2,58,0.01
32,2,58,0.00
36,2,58,0.00
40,2,58,0.00
50,2,58,0.00
70,2,58,0.00
0,2,60,0.00
2,2,60,1.24
4,2,60,2.20
8,2,60,2.31
10,2,60,1.94
12,2,60,1.38
16,2,60,0.56
18,2,60,0.30
20,2,60,0.20
24,2,60,0.07
28,2,60,0.02
32,2,60,0.00
36,2,60,0.00
40,2,60,0.00
50,2,60,0.00
70,2,60,0.00
0,2,65,0.00
2,2,65,1.78
4,2,65,3.00
8,2,65,3.21
10,2,65,2.86
12,2,65,2.19
16,2,65,1.04
18,2,65,0.62
20,2,65,0.44
24,2,65,0.19
28,2,65,0.07
32,2,65,0.02
36,2,65,0.00
40,2,65,0.00
50,2,65,0.00
70,2,65,0.00
0,2,70,0.00
2,2,70,2.12
4,2,70,3.64
8,2,70,4.21
10,2,70,4.02
12,2,70,3.25
16,2,70,1.74
18,2,70,1.14
20,2,70,0.86
24,2,70,0.44
28,2,70,0.19
32,2,70,0.07
36,2,70,0.02
40,2,70,0.00
50,2,70,0.00
70,2,70,0.00
0,2,75,0.00
2,2,75,2.36
4,2,75,4.21
8,2,75,5.24
10,2,75,5.25
12,2,75,4.51
16,2,75,2.70
18,2,75,1.91
20,2,75,1.51
24,2,75,0.87
28,2,75,0.44
32,2,75,0.19
36,2,75,0.06
40,2,75,0.01
50,2,75,0.00
70,2,75,0.00
0,2,80,0.00
2,2,80,2.51
4,2,80,4.64
8,2,80,6.24
10,2,80,6.52
12,2,80,5.83
16,2,80,3.90
18,2,80,2.94
20,2,80,2.42
24,2,80,1.56
28,2,80,0.90
32,2,80,0.45
36,2,80,0.19
40,2,80,0.06
50,2,80,0.00
70,2,80,0.00
0,2,85,0.00
2,2,85,2.55
4,2,85,4.87
8,2,85,7.05
10,2,85,7.67
12,2,85,7.15
16,2,85,5.29
18,2,85,4.21
20,2,85,3.61
24,2,85,2.52
28,2,85,1.61
32,2,85,0.92
36,2,85,0.45
40,2,85,0.17
50,2,85,0.01
70,2,85,0.00
0,2,90,0.00
2,2,90,2.55
4,2,90,4.93
8,2,90,7.66
10,2,90,8.66
12,2,90,8.41
16,2,90,6.81
18,2,90,5.69
20,2,90,5.04
24,2,90,3.79
28,2,90,2.64
32,2,90,1.67
36,2,90,0.91
40,2,90,0.43
50,2,90,0.04
70,2,90,0.00
0,2,95,0.00
2,2,95,2.54
4,2,95,4.93
8,2,95,7.97
10,2,95,9.32
12,2,95,9.43
16,2,95,8.34
18,2,95,7.31
20,2,95,6.69
24,2,95,5.33
28,2,95,3.99
32,2,95,2.75
36,2,95,1.67
40,2,95,0.87
50,2,95,0.08
70,2,95,0.00
0,2,100,0.00
2,2,100,2.53
4,2,100,4.92
8,2,100,8.00
10,2,100,9.65
12,2,100,10.17
16,2,100,9.77
18,2,100,8.95
20,2,100,8.44
24,2,100,7.09
28,2,100,5.66
32,2,100,4.20
36,2,100,2.77
40,2,100,1.58
50,2,100,0.15
70,2,100,0.00
0,2,105,0.00
2,2,105,2.51
4,2,105,4.90
8,2,105,7.99
10,2,105,9.64
12,2,105,10.50
16,2,105,11.00
18,2,105,10.51
20,2,105,10.21
24,2,105,9.04
28,2,105,7.58
32,2,105,6.00
36,2,105,4.25
40,2,105,2.61
50,2,105,0.25
70,2,105,0.00
0,2,110,0.00
2,2,110,2.49
4,2,110,4.89
8,2,110,7.98
10,2,110,9.60
12,2,110,10.53
16,2,110,11.89
18,2,110,11.83
20,2,110,11.81
24,2,110,11.00
28,2,110,9.70
32,2,110,8.08
36,2,110,6.04
40,2,110,3.97
50,2,110,0.39
70,2,110,0.00
0,2,115,0.00
2,2,115,2.44
4,2,115,4.80
8,2,115,7.91
10,2,115,9.49
12,2,115,10.47
16,2,115,12.35
18,2,115,12.75
20,2,115,13.05
24,2,115,12.70
28,2,115,11.74
32,2,115,10.36
36,2,115,8.08
40,2,115,5.70
50,2,115,0.57
70,2,115,0.00
0,2,120,0.00
2,2,120,2.41
4,2,120,4.70
8,2,120,7.83
10,2,120,9.37
12,2,120,10.41
16,2,120,12.51
18,2,120,13.23
20,2,120,13.86
24,2,120,14.08
28,2,120,13.62
32,2,120,12.60
36,2,120,10.18
40,2,120,7.68
50,2,120,0.79
70,2,120,0.00
0,2,125,0.00
2,2,125,2.31
4,2,125,4.55
8,2,125,7.69
10,2,125,9.25
12,2,125,10.27
16,2,125,12.58
18,2,125,13.43
20,2,125,14.06
24,2,125,14.89
28,2,125,15.08
32,2,125,14.62
36,2,125,12.31
40,2,125,9.83
50,2,125,1.02
70,2,125,0.00
0,2,130,0.00
2,2,130,2.20
4,2,130,4.33
8,2,130,7.57
10,2,130,9.02
12,2,130,10.15
16,2,130,12.65
18,2,130,13.42
20,2,130,14.18
24,2,130,15.18
28,2,130,16.05
32,2,130,16.28
36,2,130,14.05
40,2,130,11.90
50,2,130,1.26
70,2,130,0.00
0,2,135,0.00
2,2,135,1.99
4,2,135,3.73
8,2,135,7.29
10,2,135,8.65
12,2,135,9.83
16,2,135,12.48
18,2,135,13.21
20,2,135,14.18
24,2,135,15.42
28,2,135,16.61
32,2,135,17.51
36,2,135,15.41
40,2,135,13.78
50,2,135,1.49
70,2,135,0.00
0,2,140,0.00
2,2,140,1.31
4,2,140,2.81
8,2,140,6.70
10,2,140,7.98
12,2,140,9.41
16,2,140,11.98
18,2,140,12.76
20,2,140,13.89
24,2,140,15.34
28,2,140,16.72
32,2,140,18.03
36,2,140,16.11
40,2,140,15.27
50,2,140,1.70
70,2,140,0.00
0,2,145,0.00
2,2,145,0.86
4,2,145,1.96
8,2,145,6.09
10,2,145,7.33
12,2,145,8.75
16,2,145,11.19
18,2,145,12.17
20,2,145,13.54
24,2,145,15.04
28,2,145,16.61
32,2,145,18.02
36,2,145,16.26
40,2,145,16.22
50,2,145,1.85
70,2,145,0.00
0,2,150,0.00
2,2,150,0.62
4,2,150,1.24
8,2,150,4.95
10,2,150,6.38
12,2,150,7.50
16,2,150,10.47
18,2,150,11.42
20,2,150,12.75
24,2,150,14.29
28,2,150,16.29
32,2,150,17.95
36,2,150,16.10
40,2,150,16.32
50,2,150,1.96
70,2,150,0.00
0,2,155,0.00
2,2,155,0.50
4,2,155,0.96
8,2,155,4.07
10,2,155,5.18
12,2,155,6.31
16,2,155,9.04
18,2,155,10.01
20,2,155,11.40
24,2,155,13.16
28,2,155,15.89
32,2,155,17.26
36,2,155,15.48
40,2,155,16.02
50,2,155,1.93
70,2,155,0.00
0,2,160,0.00
2,2,160,0.43
4,2,160,0.76
8,2,160,3.12
10,2,160,4.33
12,2,160,5.34
16,2,160,7.76
18,2,160,8.24
20,2,160,9.70
24,2,160,11.37
28,2,160,14.94
32,2,160,16.66
36,2,160,14.80
40,2,160,15.38
50,2,160,1.89
70,2,160,0.00
0,2,170,0.00
2,2,170,0.34
4,2,170,0.59
8,2,170,2.09
10,2,170,3.14
12,2,170,3.88
16,2,170,5.82
18,2,170,5.67
20,2,170,6.90
24,2,170,8.83
28,2,170,13.20
32,2,170,15.26
36,2,170,13.11
40,2,170,13.16
50,2,170,1.75
70,2,170,0.00
0,2,180,0.00
2,2,180,0.26
4,2,180,0.49
8,2,180,1.48
10,2,180,2.37
12,2,180,2.91
16,2,180,4.37
18,2,180,3.79
20,2,180,4.95
24,2,180,6.79
28,2,180,8.82
32,2,180,10.95
36,2,180,9.92
40,2,180,9.57
50,2,180,1.16
70,2,180,0.00
0,3,0,0.00
2,3,0,0.00
4,3,0,0.00
8,3,0,0.00
10,3,0,0.00
12,3,0,0.00
16,3,0,0.00
18,3,0,0.00
20,3,0,0.00
24,3,0,0.00
28,3,0,0.00
32,3,0,0.00
36,3,0,0.00
40,3,0,0.00
50,3,0,0.00
70,3,0,0.00
0,3,30,0.00
2,3,30,0.03
4,3,30,0.12
8,3,30,0.24
10,3,30,0.35
12,3,30,0.65
16,3,30,3.44
18,3,30,4.23
20,3,30,5.02
24,3,30,5.02
28,3,30,2.20
32,3,30,2.20
36,3,30,1.30
40,3,30,1.00
50,3,30,0.40
70,3,30,0.00
0,3,40,0.00
2,3,40,0.04
4,3,40,0.21
8,3,40,0.36
10,3,40,0.57
12,3,40,0.80
16,3,40,5.65
18,3,40,6.46
20,3,40,7.26
24,3,40,7.44
28,3,40,4.11
32,3,40,4.10
36,3,40,1.84
40,3,40,1.63
50,3,40,0.80
70,3,40,0.00
0,3,50,0.00
2,3,50,0.08
4,3,50,0.31
8,3,50,0.54
10,3,50,4.58
12,3,50,3.82
16,3,50,8.24
18,3,50,8.76
20,3,50,9.32
24,3,50,9.25
28,3,50,7.60
32,3,50,7.07
36,3,50,3.90
40,3,50,3.00
50,3,50,1.66
70,3,50,0.00
0,3,52,0.00
2,3,52,0.10
4,3,52,0.53
8,3,52,0.84
10,3,52,4.94
12,3,52,4.52
16,3,52,8.51
18,3,52,9.00
20,3,52,9.48
24,3,52,9.47
28,3,52,8.44
32,3,52,7.70
36,3,52,4.70
40,3,52,3.75
50,3,52,1.83
70,3,52,0.00
0,3,54,0.00
2,3,54,0.14
4,3,54,0.80
8,3,54,1.11
10,3,54,5.34
12,3,54,5.87
16,3,54,8.70
18,3,54,9.17
20,3,54,9.65
24,3,54,9.68
28,3,54,8.91
32,3,54,8.54
36,3,54,5.76
40,3,54,4.34
50,3,54,1.96
70,3,54,0.00
0,3,56,0.00
2,3,56,0.44
4,3,56,0.95
8,3,56,2.60
10,3,56,5.56
12,3,56,6.42
16,3,56,8.86
18,3,56,9.33
20,3,56,9.80
24,3,56,9.86
28,3,56,9.38
32,3,56,9.05
36,3,56,7.67
40,3,56,5.40
50,3,56,2.04
70,3,56,0.00
0,3,58,0.00
2,3,58,0.52
4,3,58,1.21
8,3,58,3.88
10,3,58,5.65
12,3,58,6.64
16,3,58,8.95
18,3,58,9.49
20,3,58,9.93
24,3,58,10.01
28,3,58,9.76
32,3,58,9.54
36,3,58,8.66
40,3,58,7.15
50,3,58,2.09
70,3,58,0.00
0,3,60,0.00
2,3,60,0.58
4,3,60,1.66
8,3,60,4.15
10,3,60,5.78
12,3,60,6.83
16,3,60,9.06
18,3,60,9.75
20,3,60,10.10
24,3,60,10.16
28,3,60,10.04
32,3,60,9.98
36,3,60,9.31
40,3,60,8.59
50,3,60,2.11
70,3,60,0.00
0,3,65,0.00
2,3,65,0.72
4,3,65,1.83
8,3,65,4.35
10,3,65,5.94
12,3,65,7.12
16,3,65,9.34
18,3,65,10.16
20,3,65,10.45
24,3,65,10.59
28,3,65,10.71
32,3,65,10.92
36,3,65,10.67
40,3,65,10.09
50,3,65,2.13
70,3,65,0.00
0,3,70,0.00
2,3,70,0.72
4,3,70,1.83
8,3,70,4.35
10,3,70,6.02
12,3,70,7.22
16,3,70,9.48
18,3,70,10.40
20,3,70,10.85
24,3,70,11.15
28,3,70,11.41
32,3,70,11.69
36,3,70,11.57
40,3,70,11.10
50,3,70,2.13
70,3,70,0.00
0,3,75,0.00
2,3,75,0.72
4,3,75,1.79
8,3,75,4.26
10,3,75,5.94
12,3,75,7.23
16,3,75,9.49
18,3,75,10.36
20,3,75,11.19
24,3,75,11.63
28,3,75,11.99
32,3,75,12.36
36,3,75,12.27
40,3,75,11.83
50,3,75,2.13
70,3,75,0.00
0,3,80,0.00
2,3,80,0.69
4,3,80,1.74
8,3,80,4.14
10,3,80,5.78
12,3,80,7.01
16,3,80,9.33
18,3,80,10.31
20,3,80,11.30
24,3,80,12.17
28,3,80,12.62
32,3,80,13.06
36,3,80,13.07
40,3,80,12.53
50,3,80,2.13
70,3,80,0.00
0,3,85,0.00
2,3,85,0.65
4,3,85,1.65
8,3,85,3.93
10,3,85,5.50
12,3,85,6.70
16,3,85,9.01
18,3,85,10.12
20,3,85,11.22
24,3,85,12.61
28,3,85,13.16
32,3,85,13.68
36,3,85,13.72
40,3,85,13.30
50,3,85,2.13
70,3,85,0.00
0,3,90,0.00
2,3,90,0.61
4,3,90,1.54
8,3,90,3.69
10,3,90,5.17
12,3,90,6.31
16,3,90,8.58
18,3,90,9.79
20,3,90,11.00
24,3,90,12.85
28,3,90,13.70
32,3,90,14.30
36,3,90,14.32
40,3,90,14.03
50,3,90,2.13
70,3,90,0.00
0,3,95,0.00
2,3,95,0.56
4,3,95,1.42
8,3,95,3.40
10,3,95,4.77
12,3,95,5.86
16,3,95,8.06
18,3,95,9.36
20,3,95,10.66
24,3,95,13.06
28,3,95,14.14
32,3,95,14.83
36,3,95,14.98
40,3,95,14.49
50,3,95,2.13
70,3,95,0.00
0,3,100,0.00
2,3,100,0.51
4,3,100,1.30
8,3,100,3.09
10,3,100,4.35
12,3,100,5.37
16,3,100,7.47
18,3,100,8.83
20,3,100,10.19
24,3,100,12.99
28,3,100,14.58
32,3,100,15.36
36,3,100,15.52
40,3,100,14.83
50,3,100,2.13
70,3,100,0.00
0,3,105,0.00
2,3,105,0.45
4,3,105,1.16
8,3,105,2.78
10,3,105,3.89
12,3,105,4.83
16,3,105,6.84
18,3,105,8.24
20,3,105,9.64
24,3,105,12.85
28,3,105,14.88
32,3,105,15.88
36,3,105,16.06
40,3,105,15.24
50,3,105,2.13
70,3,105,0.00
0,3,110,0.00
2,3,110,0.40
4,3,110,1.02
8,3,110,2.46
10,3,110,3.44
12,3,110,4.30
16,3,110,6.17
18,3,110,7.57
20,3,110,8.98
24,3,110,12.54
28,3,110,15.15
32,3,110,16.35
36,3,110,16.42
40,3,110,15.52
50,3,110,2.13
70,3,110,0.00
0,3,115,0.00
2,3,115,0.34
4,3,115,0.88
8,3,115,2.15
10,3,115,2.98
12,3,115,3.74
16,3,115,5.49
18,3,115,6.85
20,3,115,8.22
24,3,115,11.96
28,3,115,15.17
32,3,115,16.79
36,3,115,16.71
40,3,115,15.93
50,3,115,2.13
70,3,115,0.00
0,3,120,0.00
2,3,120,0.30
4,3,120,0.75
8,3,120,1.84
10,3,120,2.55
12,3,120,3.22
16,3,120,4.82
18,3,120,6.12
20,3,120,7.41
24,3,120,11.25
28,3,120,14.89
32,3,120,17.12
36,3,120,16.76
40,3,120,16.26
50,3,120,2.13
70,3,120,0.00
0,3,125,0.00
2,3,125,0.24
4,3,125,0.62
8,3,125,1.54
10,3,125,2.12
12,3,125,2.72
16,3,125,4.14
18,3,125,5.33
20,3,125,6.52
24,3,125,10.37
28,3,125,14.34
32,3,125,17.26
36,3,125,16.85
40,3,125,16.57
50,3,125,2.13
70,3,125,0.00
0,3,130,0.00
2,3,130,0.20
4,3,130,0.50
8,3,130,1.28
10,3,130,1.74
12,3,130,2.27
16,3,130,3.50
18,3,130,4.58
20,3,130,5.65
24,3,130,9.44
28,3,130,13.65
32,3,130,17.23
36,3,130,16.86
40,3,130,16.75
50,3,130,2.13
70,3,130,0.00
0,3,135,0.00
2,3,135,0.14
4,3,135,0.35
8,3,135,1.02
10,3,135,1.41
12,3,135,1.82
16,3,135,2.87
18,3,135,3.85
20,3,135,4.82
24,3,135,8.48
28,3,135,12.87
32,3,135,16.98
36,3,135,16.80
40,3,135,16.90
50,3,135,2.13
70,3,135,0.00
0,3,140,0.00
2,3,140,0.08
4,3,140,0.22
8,3,140,0.77
10,3,140,1.07
12,3,140,1.43
16,3,140,2.27
18,3,140,3.11
20,3,140,3.96
24,3,140,7.39
28,3,140,11.85
32,3,140,16.39
36,3,140,16.52
40,3,140,16.90
50,3,140,2.15
70,3,140,0.00
0,3,145,0.00
2,3,145,0.04
4,3,145,0.12
8,3,145,0.57
10,3,145,0.79
12,3,145,1.08
16,3,145,1.71
18,3,145,2.45
20,3,145,3.19
24,3,145,6.27
28,3,145,10.60
32,3,145,15.39
36,3,145,16.00
40,3,145,16.76
50,3,145,2.16
70,3,145,0.00
0,3,150,0.00
2,3,150,0.02
4,3,150,0.06
8,3,150,0.36
10,3,150,0.51
12,3,150,0.74
16,3,150,1.28
18,3,150,1.87
20,3,150,2.45
24,3,150,5.07
28,3,150,9.24
32,3,150,14.26
36,3,150,15.29
40,3,150,16.48
50,3,150,2.18
70,3,150,0.00
0,3,155,0.00
2,3,155,0.00
4,3,155,0.03
8,3,155,0.24
10,3,155,0.22
12,3,155,0.34
16,3,155,0.81
18,3,155,1.29
20,3,155,1.76
24,3,155,3.94
28,3,155,7.94
32,3,155,12.52
36,3,155,14.28
40,3,155,16.10
50,3,155,2.13
70,3,155,0.00
0,3,160,0.00
2,3,160,0.01
4,3,160,0.02
8,3,160,0.08
10,3,160,0.08
12,3,160,0.19
16,3,160,0.44
18,3,160,0.71
20,3,160,0.98
24,3,160,1.77
28,3,160,6.48
32,3,160,10.97
36,3,160,12.87
40,3,160,15.10
50,3,160,2.09
70,3,160,0.00
0,3,170,0.00
2,3,170,0.00
4,3,170,0.01
8,3,170,0.02
10,3,170,0.03
12,3,170,0.01
16,3,170,0.07
18,3,170,0.09
20,3,170,0.12
24,3,170,1.14
28,3,170,4.14
32,3,170,7.93
36,3,170,9.78
40,3,170,12.37
50,3,170,1.93
70,3,170,0.00
0,3,180,0.00
2,3,180,0.00
4,3,180,0.00
8,3,180,0.00
10,3,180,0.00
12,3,180,0.00
16,3,180,0.00
18,3,180,0.00
20,3,180,0.00
24,3,180,1.00
28,3,180,1.30
32,3,180,4.40
36,3,180,6.05
40,3,180,8.60
50,3,180,1.28
70,3,180,0.00
0,4,0,0.00
2,4,0,0.00
4,4,0,0.00
8,4,0,0.00
10,4,0,0.00
12,4,0,0.00
16,4,0,0.00
18,4,0,0.00
20,4,0,0.00
24,4,0,0.00
28,4,0,0.00
32,4,0,0.00
36,4,0,0.00
40,4,0,0.00
50,4,0,0.00
70,4,0,0.00
0,4,30,0.00
2,4,30,0.20
4,4,30,0.30
8,4,30,0.50
10,4,30,0.60
12,4,30,0.69
16,4,30,4.79
18,4,30,4.30
20,4,30,3.66
24,4,30,3.32
28,4,30,1.38
32,4,30,0.88
36,4,30,0.21
40,4,30,0.01
50,4,30,0.00
70,4,30,0.00
0,4,40,0.00
2,4,40,0.40
4,4,40,1.30
8,4,40,3.40
10,4,40,2.95
12,4,40,3.38
16,4,40,6.72
18,4,40,6.39
20,4,40,6.06
24,4,40,5.26
28,4,40,2.10
32,4,40,1.53
36,4,40,0.28
40,4,40,0.04
50,4,40,0.00
70,4,40,0.00
0,4,50,0.00
2,4,50,0.94
4,4,50,2.97
8,4,50,5.78
10,4,50,7.03
12,4,50,7.34
16,4,50,9.04
18,4,50,8.84
20,4,50,8.54
24,4,50,7.24
28,4,50,4.71
32,4,50,3.48
36,4,50,0.96
40,4,50,0.12
50,4,50,0.00
70,4,50,0.00
0,4,52,0.00
2,4,52,1.16
4,4,52,3.28
8,4,52,6.26
10,4,52,7.76
12,4,52,7.83
16,4,52,9.35
18,4,52,9.07
20,4,52,8.79
24,4,52,7.40
28,4,52,5.37
32,4,52,3.78
36,4,52,1.11
40,4,52,0.17
50,4,52,0.06
70,4,52,0.00
0,4,54,0.00
2,4,54,1.43
4,4,54,3.55
8,4,54,6.78
10,4,54,8.28
12,4,54,8.45
16,4,54,9.55
18,4,54,9.25
20,4,54,8.94
24,4,54,7.57
28,4,54,5.67
32,4,54,4.19
36,4,54,1.87
40,4,54,0.58
50,4,54,0.11
70,4,54,0.00
0,4,56,0.00
2,4,56,1.64
4,4,56,3.87
8,4,56,7.25
10,4,56,8.62
12,4,56,8.76
16,4,56,9.71
18,4,56,9.47
20,4,56,9.09
24,4,56,7.71
28,4,56,5.97
32,4,56,4.44
36,4,56,2.54
40,4,56,0.73
50,4,56,0.22
70,4,56,0.00
0,4,58,0.00
2,4,58,1.89
4,4,58,4.13
8,4,58,7.66
10,4,58,8.78
12,4,58,9.06
16,4,58,9.82
18,4,58,9.65
20,4,58,9.21
24,4,58,7.82
28,4,58,6.20
32,4,58,4.69
36,4,58,2.92
40,4,58,1.14
50,4,58,0.23
70,4,58,0.00
0,4,60,0.00
2,4,60,2.05
4,4,60,4.41
8,4,60,7.72
10,4,60,8.97
12,4,60,9.32
16,4,60,9.94
18,4,60,9.86
20,4,60,9.35
24,4,60,7.94
28,4,60,6.39
32,4,60,4.90
36,4,60,3.17
40,4,60,1.43
50,4,60,0.24
70,4,60,0.00
0,4,65,0.00
2,4,65,2.46
4,4,65,4.84
8,4,65,7.88
10,4,65,9.22
12,4,65,9.70
16,4,65,10.31
18,4,65,10.36
20,4,65,9.67
24,4,65,8.28
28,4,65,6.82
32,4,65,5.36
36,4,65,3.69
40,4,65,1.82
50,4,65,0.26
70,4,65,0.00
0,4,70,0.00
2,4,70,2.57
4,4,70,4.87
8,4,70,7.81
10,4,70,9.33
12,4,70,9.85
16,4,70,10.41
18,4,70,10.50
20,4,70,10.02
24,4,70,8.72
28,4,70,7.26
32,4,70,5.74
36,4,70,3.99
40,4,70,2.12
50,4,70,0.28
70,4,70,0.00
0,4,75,0.00
2,4,75,2.57
4,4,75,4.76
8,4,75,7.67
10,4,75,9.22
12,4,75,9.86
16,4,75,10.43
18,4,75,10.46
20,4,75,10.26
24,4,75,9.09
28,4,75,7.63
32,4,75,6.07
36,4,75,4.24
40,4,75,2.34
50,4,75,0.29
70,4,75,0.00
0,4,80,0.00
2,4,80,2.46
4,4,80,4.61
8,4,80,7.45
10,4,80,8.97
12,4,80,9.56
16,4,80,10.24
18,4,80,10.27
20,4,80,10.30
24,4,80,9.48
28,4,80,8.03
32,4,80,6.41
36,4,80,4.51
40,4,80,2.51
50,4,80,0.30
70,4,80,0.00
0,4,85,0.00
2,4,85,2.31
4,4,85,4.37
8,4,85,7.07
10,4,85,8.54
12,4,85,9.13
16,4,85,9.89
18,4,85,10.02
20,4,85,10.15
24,4,85,9.68
28,4,85,8.37
32,4,85,6.72
36,4,85,4.74
40,4,85,2.66
50,4,85,0.30
70,4,85,0.00
0,4,90,0.00
2,4,90,2.11
4,4,90,4.08
8,4,90,6.63
10,4,90,8.03
12,4,90,8.61
16,4,90,9.42
18,4,90,9.65
20,4,90,9.89
24,4,90,9.75
28,4,90,8.70
32,4,90,7.02
36,4,90,4.95
40,4,90,2.81
50,4,90,0.30
70,4,90,0.00
0,4,95,0.00
2,4,95,1.94
4,4,95,3.76
8,4,95,6.12
10,4,95,7.40
12,4,95,7.99
16,4,95,8.84
18,4,95,9.18
20,4,95,9.52
24,4,95,9.64
28,4,95,8.87
32,4,95,7.28
36,4,95,5.18
40,4,95,2.89
50,4,95,0.30
70,4,95,0.00
0,4,100,0.00
2,4,100,1.76
4,4,100,3.42
8,4,100,5.57
10,4,100,6.74
12,4,100,7.33
16,4,100,8.20
18,4,100,8.61
20,4,100,9.03
24,4,100,9.39
28,4,100,8.92
32,4,100,7.54
36,4,100,5.36
40,4,100,2.97
50,4,100,0.30
70,4,100,0.00
0,4,105,0.00
2,4,105,1.57
4,4,105,3.07
8,4,105,5.01
10,4,105,6.04
12,4,105,6.59
16,4,105,7.50
18,4,105,7.99
20,4,105,8.48
24,4,105,9.11
28,4,105,8.88
32,4,105,7.71
36,4,105,5.54
40,4,105,3.05
50,4,105,0.30
70,4,105,0.00
0,4,110,0.00
2,4,110,1.39
4,4,110,2.72
8,4,110,4.44
10,4,110,5.35
12,4,110,5.86
16,4,110,6.78
18,4,110,7.32
20,4,110,7.85
24,4,110,8.71
28,4,110,8.72
32,4,110,7.79
36,4,110,5.68
40,4,110,3.10
50,4,110,0.30
70,4,110,0.00
0,4,115,0.00
2,4,115,1.19
4,4,115,2.34
8,4,115,3.86
10,4,115,4.63
12,4,115,5.10
16,4,115,6.03
18,4,115,6.58
20,4,115,7.13
24,4,115,8.13
28,4,115,8.39
32,4,115,7.71
36,4,115,5.69
40,4,115,3.19
50,4,115,0.30
70,4,115,0.00
0,4,120,0.00
2,4,120,1.01
4,4,120,1.99
8,4,120,3.31
10,4,120,3.96
12,4,120,4.39
16,4,120,5.28
18,4,120,5.84
20,4,120,6.39
24,4,120,7.50
28,4,120,7.96
32,4,120,7.54
36,4,120,5.64
40,4,120,3.26
50,4,120,0.30
70,4,120,0.00
0,4,125,0.00
2,4,125,0.84
4,4,125,1.63
8,4,125,2.77
10,4,125,3.29
12,4,125,3.71
16,4,125,4.53
18,4,125,5.06
20,4,125,5.58
24,4,125,6.77
28,4,125,7.41
32,4,125,7.24
36,4,125,5.53
40,4,125,3.29
50,4,125,0.30
70,4,125,0.00
0,4,130,0.00
2,4,130,0.67
4,4,130,1.31
8,4,130,2.30
10,4,130,2.71
12,4,130,3.08
16,4,130,3.84
18,4,130,4.32
20,4,130,4.81
24,4,130,6.03
28,4,130,6.82
32,4,130,6.86
36,4,130,5.30
40,4,130,3.27
50,4,130,0.29
70,4,130,0.00
0,4,135,0.00
2,4,135,0.51
4,4,135,0.95
8,4,135,1.85
10,4,135,2.19
12,4,135,2.49
16,4,135,3.16
18,4,135,3.61
20,4,135,4.06
24,4,135,5.30
28,4,135,6.22
32,4,135,6.46
36,4,135,4.98
40,4,135,3.20
50,4,135,0.28
70,4,135,0.00
0,4,140,0.00
2,4,140,0.28
4,4,140,0.58
8,4,140,1.39
10,4,140,1.65
12,4,140,1.95
16,4,140,2.49
18,4,140,2.90
20,4,140,3.31
24,4,140,4.52
28,4,140,5.52
32,4,140,5.94
36,4,140,4.61
40,4,140,3.08
50,4,140,0.26
70,4,140,0.00
0,4,145,0.00
2,4,145,0.13
4,4,145,0.33
8,4,145,1.02
10,4,145,1.23
12,4,145,1.46
16,4,145,1.87
18,4,145,2.26
20,4,145,2.65
24,4,145,3.75
28,4,145,4.77
32,4,145,5.31
36,4,145,4.19
40,4,145,2.93
50,4,145,0.25
70,4,145,0.00
0,4,150,0.00
2,4,150,0.07
4,4,150,0.14
8,4,150,0.66
10,4,150,0.79
12,4,150,1.00
16,4,150,1.40
18,4,150,1.71
20,4,150,2.02
24,4,150,2.97
28,4,150,4.02
32,4,150,4.69
36,4,150,3.81
40,4,150,2.70
50,4,150,0.23
70,4,150,0.00
0,4,155,0.00
2,4,155,0.01
4,4,155,0.09
8,4,155,0.43
10,4,155,0.35
12,4,155,0.47
16,4,155,0.89
18,4,155,1.17
20,4,155,1.44
24,4,155,2.26
28,4,155,3.32
32,4,155,3.92
36,4,155,3.28
40,4,155,2.44
50,4,155,0.22
70,4,155,0.00
0,4,160,0.00
2,4,160,0.02
4,4,160,0.04
8,4,160,0.13
10,4,160,0.11
12,4,160,0.25
16,4,160,0.48
18,4,160,0.64
20,4,160,0.79
24,4,160,0.99
28,4,160,2.62
32,4,160,3.27
36,4,160,2.78
40,4,160,2.12
50,4,160,0.20
70,4,160,0.00
0,4,170,0.00
2,4,170,0.01
4,4,170,0.03
8,4,170,0.03
10,4,170,0.04
12,4,170,0.02
16,4,170,0.08
18,4,170,0.08
20,4,170,0.09
24,4,170,0.39
28,4,170,1.55
32,4,170,2.13
36,4,170,1.86
40,4,170,1.57
50,4,170,0.15
70,4,170,0.00
0,4,180,0.00
2,4,180,0.00
4,4,180,0.00
8,4,180,0.00
10,4,180,0.00
12,4,180,0.00
16,4,180,0.00
18,4,180,0.00
20,4,180,0.00
24,4,180,0.00
28,4,180,1.02
32,4,180,1.39
36,4,180,0.78
40,4,180,0.92
50,4,180,0.12
70,4,180,0.00
0,5,0,0.00
2,5,0,0.00
4,5,0,0.00
8,5,0,0.00
10,5,0,0.00
12,5,0,0.00
16,5,0,0.00
18,5,0,0.00
20,5,0,0.00
24,5,0,0.00
28,5,0,0.00
32,5,0,0.00
36,5,0,0.00
40,5,0,0.00
50,5,0,0.00
70,5,0,0.00
0,5,30,0.00
2,5,30,0.00
4,5,30,0.17
8,5,30,0.21
10,5,30,0.26
12,5,30,0.43
16,5,30,1.10
18,5,30,0.92
20,5,30,0.75
24,5,30,0.26
28,5,30,0.06
32,5,30,0.00
36,5,30,0.00
40,5,30,0.00
50,5,30,0.00
70,5,30,0.00
0,5,40,0.00
2,5,40,0.08
4,5,40,0.41
8,5,40,0.48
10,5,40,0.65
12,5,40,0.80
16,5,40,5.19
18,5,40,3.87
20,5,40,2.54
24,5,40,1.23
28,5,40,0.30
32,5,40,0.04
36,5,40,0.00
40,5,40,0.00
50,5,40,0.00
70,5,40,0.00
0,5,50,0.00
2,5,50,0.25
4,5,50,0.76
8,5,50,0.90
10,5,50,2.62
12,5,50,5.12
16,5,50,8.27
18,5,50,7.53
20,5,50,7.46
24,5,50,4.70
28,5,50,1.69
32,5,50,0.46
36,5,50,0.02
40,5,50,0.00
50,5,50,0.00
70,5,50,0.00
0,5,52,0.00
2,5,52,0.37
4,5,52,1.33
8,5,52,2.85
10,5,52,4.94
12,5,52,5.87
16,5,52,8.65
18,5,52,8.07
20,5,52,8.03
24,5,52,5.28
28,5,52,2.24
32,5,52,0.64
36,5,52,0.04
40,5,52,0.00
50,5,52,0.00
70,5,52,0.00
0,5,54,0.00
2,5,54,0.44
4,5,54,2.07
8,5,54,3.96
10,5,54,6.41
12,5,54,7.30
16,5,54,9.00
18,5,54,8.47
20,5,54,8.49
24,5,54,5.89
28,5,54,2.73
32,5,54,0.88
36,5,54,0.11
40,5,54,0.00
50,5,54,0.00
70,5,54,0.00
0,5,56,0.00
2,5,56,1.30
4,5,56,2.49
8,5,56,5.01
10,5,56,7.57
12,5,56,7.94
16,5,56,9.37
18,5,56,8.92
20,5,56,8.84
24,5,56,6.48
28,5,56,3.28
32,5,56,1.14
36,5,56,0.20
40,5,56,0.01
50,5,56,0.00
70,5,56,0.00
0,5,58,0.00
2,5,58,1.63
4,5,58,3.20
8,5,58,6.35
10,5,58,8.15
12,5,58,8.46
16,5,58,9.60
18,5,58,9.22
20,5,58,9.23
24,5,58,7.06
28,5,58,3.85
32,5,58,1.46
36,5,58,0.30
40,5,58,0.02
50,5,58,0.00
70,5,58,0.00
0,5,60,0.00
2,5,60,1.86
4,5,60,4.09
8,5,60,7.05
10,5,60,8.53
12,5,60,8.83
16,5,60,9.85
18,5,60,9.55
20,5,60,9.54
24,5,60,7.63
28,5,60,4.43
32,5,60,1.83
36,5,60,0.43
40,5,60,0.04
50,5,60,0.00
70,5,60,0.00
0,5,65,0.00
2,5,65,2.28
4,5,65,4.70
8,5,65,7.72
10,5,65,9.15
12,5,65,9.66
16,5,65,10.26
18,5,65,10.35
20,5,65,10.26
24,5,65,9.06
28,5,65,6.04
32,5,65,2.96
36,5,65,0.91
40,5,65,0.13
50,5,65,0.00
70,5,65,0.00
0,5,70,0.00
2,5,70,2.56
4,5,70,4.95
8,5,70,8.01
10,5,70,9.56
12,5,70,10.09
16,5,70,10.66
18,5,70,10.75
20,5,70,10.85
24,5,70,10.44
28,5,70,7.83
32,5,70,4.40
36,5,70,1.65
40,5,70,0.34
50,5,70,0.01
70,5,70,0.00
0,5,75,0.00
2,5,75,2.60
4,5,75,5.03
8,5,75,8.10
10,5,75,9.74
12,5,75,10.42
16,5,75,11.01
18,5,75,11.16
20,5,75,11.31
24,5,75,11.38
28,5,75,9.59
32,5,75,6.13
36,5,75,2.70
40,5,75,0.69
50,5,75,0.03
70,5,75,0.00
0,5,80,0.00
2,5,80,2.63
4,5,80,5.08
8,5,80,8.21
10,5,80,9.89
12,5,80,10.54
16,5,80,11.29
18,5,80,11.48
20,5,80,11.68
24,5,80,12.04
28,5,80,11.29
32,5,80,8.09
36,5,80,4.14
40,5,80,1.32
50,5,80,0.08
70,5,80,0.00
0,5,85,0.00
2,5,85,2.63
4,5,85,5.08
8,5,85,8.24
10,5,85,9.94
12,5,85,10.64
16,5,85,11.52
18,5,85,11.77
20,5,85,12.01
24,5,85,12.57
28,5,85,12.56
32,5,85,10.11
36,5,85,5.87
40,5,85,2.25
50,5,85,0.13
70,5,85,0.00
0,5,90,0.00
2,5,90,2.63
4,5,90,5.08
8,5,90,8.27
10,5,90,10.01
12,5,90,10.74
16,5,90,11.74
18,5,90,12.04
20,5,90,12.34
24,5,90,13.01
28,5,90,13.42
32,5,90,12.08
36,5,90,7.88
40,5,90,3.51
50,5,90,0.22
70,5,90,0.00
0,5,95,0.00
2,5,95,2.62
4,5,95,5.08
8,5,95,8.26
10,5,95,10.00
12,5,95,10.79
16,5,95,11.95
18,5,95,12.32
20,5,95,12.69
24,5,95,13.38
28,5,95,14.00
32,5,95,13.74
36,5,95,10.09
40,5,95,5.09
50,5,95,0.34
70,5,95,0.00
0,5,100,0.00
2,5,100,2.61
4,5,100,5.07
8,5,100,8.25
10,5,100,9.99
12,5,100,10.85
16,5,100,12.14
18,5,100,12.59
20,5,100,13.04
24,5,100,13.74
28,5,100,14.51
32,5,100,14.95
36,5,100,12.22
40,5,100,6.87
50,5,100,0.48
70,5,100,0.00
0,5,105,0.00
2,5,105,2.59
4,5,105,5.05
8,5,105,8.24
10,5,105,9.94
12,5,105,10.85
16,5,105,12.35
18,5,105,12.89
20,5,105,13.42
24,5,105,14.19
28,5,105,15.00
32,5,105,15.72
36,5,105,14.19
40,5,105,8.86
50,5,105,0.65
70,5,105,0.00
0,5,110,0.00
2,5,110,2.57
4,5,110,5.04
8,5,110,8.23
10,5,110,9.90
12,5,110,10.86
16,5,110,12.55
18,5,110,13.17
20,5,110,13.79
24,5,110,14.65
28,5,110,15.49
32,5,110,16.27
36,5,110,15.64
40,5,110,10.94
50,5,110,0.83
70,5,110,0.00
0,5,115,0.00
2,5,115,2.51
4,5,115,4.95
8,5,115,8.15
10,5,115,9.78
12,5,115,10.79
16,5,115,12.73
18,5,115,13.40
20,5,115,14.08
24,5,115,14.96
28,5,115,15.84
32,5,115,16.85
36,5,115,16.35
40,5,115,12.99
50,5,115,1.01
70,5,115,0.00
0,5,120,0.00
2,5,120,2.43
4,5,120,4.81
8,5,120,8.07
10,5,120,9.66
12,5,120,10.73
16,5,120,12.90
18,5,120,13.64
20,5,120,14.37
24,5,120,15.28
28,5,120,16.20
32,5,120,17.24
36,5,120,16.85
40,5,120,14.74
50,5,120,1.18
70,5,120,0.00
0,5,125,0.00
2,5,125,2.27
4,5,125,4.50
8,5,125,7.84
10,5,125,9.37
12,5,125,10.58
16,5,125,12.97
18,5,125,13.85
20,5,125,14.49
24,5,125,15.47
28,5,125,16.46
32,5,125,17.56
36,5,125,17.07
40,5,125,16.05
50,5,125,1.31
70,5,125,0.00
0,5,130,0.00
2,5,130,2.06
4,5,130,4.14
8,5,130,7.51
10,5,130,8.95
12,5,130,10.32
16,5,130,13.01
18,5,130,13.75
20,5,130,14.55
24,5,130,15.65
28,5,130,16.71
32,5,130,17.88
36,5,130,17.05
40,5,130,16.61
50,5,130,1.41
70,5,130,0.00
0,5,135,0.00
2,5,135,1.75
4,5,135,3.39
8,5,135,6.95
10,5,135,8.42
12,5,135,9.72
16,5,135,12.67
18,5,135,13.28
20,5,135,14.22
24,5,135,15.85
28,5,135,17.04
32,5,135,18.22
36,5,135,17.03
40,5,135,16.75
50,5,135,1.45
70,5,135,0.00
0,5,140,0.00
2,5,140,1.07
4,5,140,2.38
8,5,140,6.03
10,5,140,7.38
12,5,140,8.91
16,5,140,11.80
18,5,140,12.51
20,5,140,13.60
24,5,140,15.65
28,5,140,17.07
32,5,140,18.37
36,5,140,16.73
40,5,140,16.71
50,5,140,1.45
70,5,140,0.00
0,5,145,0.00
2,5,145,0.59
4,5,145,1.52
8,5,145,5.10
10,5,145,6.35
12,5,145,7.81
16,5,145,10.54
18,5,145,11.50
20,5,145,12.79
24,5,145,15.05
28,5,145,16.78
32,5,145,18.21
36,5,145,16.52
40,5,145,16.57
50,5,145,1.45
70,5,145,0.00
0,5,150,0.00
2,5,150,0.33
4,5,150,0.77
8,5,150,3.80
10,5,150,4.72
12,5,150,6.23
16,5,150,9.28
18,5,150,10.23
20,5,150,11.65
24,5,150,13.77
28,5,150,16.07
32,5,150,17.73
36,5,150,16.05
40,5,150,16.23
50,5,150,1.45
70,5,150,0.00
0,5,155,0.00
2,5,155,0.07
4,5,155,0.50
8,5,155,2.82
10,5,155,2.39
12,5,155,4.50
16,5,155,7.00
18,5,155,8.48
20,5,155,9.97
24,5,155,12.05
28,5,155,15.09
32,5,155,16.68
36,5,155,15.26
40,5,155,15.65
50,5,155,1.42
70,5,155,0.00
0,5,160,0.00
2,5,160,0.12
4,5,160,0.32
8,5,160,0.98
10,5,160,0.88
12,5,160,3.50
16,5,160,5.02
18,5,160,6.76
20,5,160,8.18
24,5,160,8.38
28,5,160,13.42
32,5,160,15.57
36,5,160,14.12
40,5,160,14.46
50,5,160,1.36
70,5,160,0.00
0,5,170,0.00
2,5,170,0.06
4,5,170,0.28
8,5,170,0.34
10,5,170,0.51
12,5,170,2.31
16,5,170,3.27
18,5,170,4.32
20,5,170,5.48
24,5,170,4.17
28,5,170,10.11
32,5,170,12.46
36,5,170,11.31
40,5,170,11.42
50,5,170,1.18
70,5,170,0.00
0,5,180,0.00
2,5,180,0.00
4,5,180,0.00
8,5,180,0.00
10,5,180,0.47
12,5,180,1.50
16,5,180,2.25
18,5,180,2.80
20,5,180,3.67
24,5,180,2.12
28,5,180,6.56
32,5,180,7.03
36,5,180,8.54
40,5,180,7.00
50,5,180,0.83
70,5,180,0.00
0,6,0,0.00
2,6,0,0.00
4,6,0,0.00
8,6,0,0.00
10,6,0,0.00
12,6,0,0.00
16,6,0,0.00
18,6,0,0.00
20,6,0,0.00
24,6,0,0.00
28,6,0,0.00
32,6,0,0.00
36,6,0,0.00
40,6,0,0.00
50,6,0,0.00
70,6,0,0.00
0,6,30,0.00
2,6,30,0.00
4,6,30,0.00
8,6,30,0.00
10,6,30,0.00
12,6,30,0.00
16,6,30,0.00
18,6,30,0.00
20,6,30,0.00
24,6,30,0.00
28,6,30,0.00
32,6,30,0.00
36,6,30,0.00
40,6,30,0.00
50,6,30,0.00
70,6,30,0.00
0,6,40,0.00
2,6,40,0.00
4,6,40,0.00
8,6,40,0.00
10,6,40,0.00
12,6,40,0.00
16,6,40,0.00
18,6,40,0.00
20,6,40,0.00
24,6,40,0.00
28,6,40,0.00
32,6,40,0.00
36,6,40,0.00
40,6,40,0.00
50,6,40,0.00
70,6,40,0.00
0,6,50,0.00
2,6,50,0.00
4,6,50,0.00
8,6,50,0.00
10,6,50,0.00
12,6,50,0.00
16,6,50,0.00
18,6,50,0.00
20,6,50,0.00
24,6,50,0.00
28,6,50,0.00
32,6,50,0.00
36,6,50,0.00
40,6,50,0.00
50,6,50,0.00
70,6,50,0.00
0,6,52,0.00
2,6,52,0.00
4,6,52,0.00
8,6,52,0.00
10,6,52,0.00
12,6,52,0.00
16,6,52,0.00
18,6,52,0.00
20,6,52,0.00
24,6,52,0.00
28,6,52,0.00
32,6,52,0.00
36,6,52,0.00
40,6,52,0.00
50,6,52,0.00
70,6,52,0.00
0,6,54,0.00
2,6,54,0.00
4,6,54,0.00
8,6,54,0.00
10,6,54,0.00
12,6,54,0.00
16,6,54,0.00
18,6,54,0.00
20,6,54,0.00
24,6,54,0.00
28,6,54,0.00
32,6,54,0.00
36,6,54,0.00
40,6,54,0.00
50,6,54,0.00
70,6,54,0.00
0,6,56,0.00
2,6,56,0.00
4,6,56,0.01
8,6,56,0.00
10,6,56,0.00
12,6,56,0.00
16,6,56,0.00
18,6,56,0.00
20,6,56,0.00
24,6,56,0.00
28,6,56,0.00
32,6,56,0.00
36,6,56,0.00
40,6,56,0.00
50,6,56,0.00
70,6,56,0.00
0,6,58,0.00
2,6,58,0.01
4,6,58,0.01
8,6,58,0.01
10,6,58,0.01
12,6,58,0.00
16,6,58,0.00
18,6,58,0.00
20,6,58,0.00
24,6,58,0.00
28,6,58,0.00
32,6,58,0.00
36,6,58,0.00
40,6,58,0.00
50,6,58,0.00
70,6,58,0.00
0,6,60,0.00
2,6,60,0.01
4,6,60,0.02
8,6,60,0.02
10,6,60,0.01
12,6,60,0.01
16,6,60,0.00
18,6,60,0.00
20,6,60,0.00
24,6,60,0.00
28,6,60,0.00
32,6,60,0.00
36,6,60,0.00
40,6,60,0.00
50,6,60,0.00
70,6,60,0.00
0,6,65,0.00
2,6,65,0.02
4,6,65,0.06
8,6,65,0.06
10,6,65,0.04
12,6,65,0.02
16,6,65,0.00
18,6,65,0.00
20,6,65,0.00
24,6,65,0.00
28,6,65,0.00
32,6,65,0.00
36,6,65,0.00
40,6,65,0.00
50,6,65,0.00
70,6,65,0.00
0,6,70,0.00
2,6,70,0.04
4,6,70,0.12
8,6,70,0.14
10,6,70,0.12
12,6,70,0.08
16,6,70,0.02
18,6,70,0.02
20,6,70,0.01
24,6,70,0.00
28,6,70,0.00
32,6,70,0.00
36,6,70,0.00
40,6,70,0.00
50,6,70,0.00
70,6,70,0.00
0,6,75,0.00
2,6,75,0.08
4,6,75,0.22
8,6,75,0.32
10,6,75,0.30
12,6,75,0.22
16,6,75,0.08
18,6,75,0.06
20,6,75,0.03
24,6,75,0.02
28,6,75,0.01
32,6,75,0.01
36,6,75,0.00
40,6,75,0.00
50,6,75,0.00
70,6,75,0.00
0,6,80,0.00
2,6,80,0.12
4,6,80,0.36
8,6,80,0.61
10,6,80,0.61
12,6,80,0.48
16,6,80,0.23
18,6,80,0.18
20,6,80,0.12
24,6,80,0.08
28,6,80,0.06
32,6,80,0.03
36,6,80,0.02
40,6,80,0.01
50,6,80,0.00
70,6,80,0.00
0,6,85,0.00
2,6,85,0.18
4,6,85,0.54
8,6,85,1.02
10,6,85,1.10
12,6,85,0.97
16,6,85,0.55
18,6,85,0.44
20,6,85,0.32
24,6,85,0.24
28,6,85,0.18
32,6,85,0.12
36,6,85,0.08
40,6,85,0.06
50,6,85,0.00
70,6,85,0.00
0,6,90,0.00
2,6,90,0.22
4,6,90,0.74
8,6,90,1.56
10,6,90,1.80
12,6,90,1.69
16,6,90,1.16
18,6,90,0.97
20,6,90,0.75
24,6,90,0.59
28,6,90,0.46
32,6,90,0.35
36,6,90,0.25
40,6,90,0.17
50,6,90,0.01
70,6,90,0.00
0,6,95,0.00
2,6,95,0.26
4,6,95,0.91
8,6,95,2.18
10,6,95,2.67
12,6,95,2.70
16,6,95,2.12
18,6,95,1.87
20,6,95,1.54
24,6,95,1.29
28,6,95,1.06
32,6,95,0.84
36,6,95,0.64
40,6,95,0.45
50,6,95,0.03
70,6,95,0.00
0,6,100,0.00
2,6,100,0.29
4,6,100,1.06
8,6,100,2.79
10,6,100,3.61
12,6,100,3.88
16,6,100,3.51
18,6,100,3.22
20,6,100,2.82
24,6,100,2.44
28,6,100,2.09
32,6,100,1.76
36,6,100,1.40
40,6,100,1.03
50,6,100,0.08
70,6,100,0.00
0,6,105,0.00
2,6,105,0.29
4,6,105,1.12
8,6,105,3.29
10,6,105,4.49
12,6,105,5.12
16,6,105,5.28
18,6,105,5.07
20,6,105,4.66
24,6,105,4.20
28,6,105,3.74
32,6,105,3.28
36,6,105,2.71
40,6,105,2.07
50,6,105,0.17
70,6,105,0.00
0,6,110,0.00
2,6,110,0.29
4,6,110,1.12
8,6,110,3.60
10,6,110,5.14
12,6,110,6.22
16,6,110,7.26
18,6,110,7.26
20,6,110,6.99
24,6,110,6.55
28,6,110,6.03
32,6,110,5.48
36,6,110,4.65
40,6,110,3.69
50,6,110,0.32
70,6,110,0.00
0,6,115,0.00
2,6,115,0.28
4,6,115,1.10
8,6,115,3.62
10,6,115,5.41
12,6,115,6.93
16,6,115,9.19
18,6,115,9.55
20,6,115,9.53
24,6,115,9.23
28,6,115,8.79
32,6,115,8.26
36,6,115,7.16
40,6,115,5.95
50,6,115,0.53
70,6,115,0.00
0,6,120,0.00
2,6,120,0.28
4,6,120,1.08
8,6,120,3.59
10,6,120,5.37
12,6,120,7.15
16,6,120,10.71
18,6,120,11.57
20,6,120,11.97
24,6,120,11.95
28,6,120,11.76
32,6,120,11.41
36,6,120,10.08
40,6,120,8.72
50,6,120,0.81
70,6,120,0.00
0,6,125,0.00
2,6,125,0.26
4,6,125,1.03
8,6,125,3.52
10,6,125,5.24
12,6,125,7.06
16,6,125,11.48
18,6,125,12.88
20,6,125,13.80
24,6,125,14.16
28,6,125,14.38
32,6,125,14.42
36,6,125,13.04
40,6,125,11.72
50,6,125,1.13
70,6,125,0.00
0,6,130,0.00
2,6,130,0.25
4,6,130,0.99
8,6,130,3.47
10,6,130,5.09
12,6,130,6.97
16,6,130,11.58
18,6,130,13.50
20,6,130,14.62
24,6,130,15.52
28,6,130,16.27
32,6,130,16.84
36,6,130,15.41
40,6,130,14.38
50,6,130,1.45
70,6,130,0.00
0,6,135,0.00
2,6,135,0.23
4,6,135,0.86
8,6,135,3.34
10,6,135,4.96
12,6,135,6.75
16,6,135,11.44
18,6,135,13.30
20,6,135,14.62
24,6,135,15.90
28,6,135,17.12
32,6,135,18.28
36,6,135,16.73
40,6,135,16.27
50,6,135,1.72
70,6,135,0.00
0,6,140,0.00
2,6,140,0.15
4,6,140,0.65
8,6,140,3.07
10,6,140,4.58
12,6,140,6.47
16,6,140,10.98
18,6,140,12.91
20,6,140,14.32
24,6,140,15.81
28,6,140,17.24
32,6,140,18.59
36,6,140,16.87
40,6,140,17.00
50,6,140,1.87
70,6,140,0.00
0,6,145,0.00
2,6,145,0.09
4,6,145,0.45
8,6,145,2.79
10,6,145,4.20
12,6,145,6.02
16,6,145,10.25
18,6,145,12.35
20,6,145,13.96
24,6,145,15.51
28,6,145,17.12
32,6,145,18.58
36,6,145,16.76
40,6,145,17.04
50,6,145,1.90
70,6,145,0.00
0,6,150,0.00
2,6,150,0.06
4,6,150,0.25
8,6,150,2.27
10,6,150,3.39
12,6,150,5.16
16,6,150,9.40
18,6,150,11.60
20,6,150,13.14
24,6,150,14.73
28,6,150,16.79
32,6,150,18.50
36,6,150,16.60
40,6,150,16.82
50,6,150,1.93
70,6,150,0.00
0,6,155,0.00
2,6,155,0.01
4,6,155,0.19
8,6,155,1.87
10,6,155,1.89
12,6,155,3.08
16,6,155,7.80
18,6,155,10.04
20,6,155,11.75
24,6,155,13.57
28,6,155,16.38
32,6,155,17.79
36,6,155,15.96
40,6,155,16.52
50,6,155,1.90
70,6,155,0.00
0,6,160,0.00
2,6,160,0.02
4,6,160,0.13
8,6,160,0.74
10,6,160,0.78
12,6,160,2.15
16,6,160,6.36
18,6,160,8.33
20,6,160,10.00
24,6,160,11.72
28,6,160,15.40
32,6,160,17.18
36,6,160,15.26
40,6,160,15.86
50,6,160,1.82
70,6,160,0.00
0,6,170,0.00
2,6,170,0.02
4,6,170,0.15
8,6,170,0.34
10,6,170,0.59
12,6,170,0.31
16,6,170,4.40
18,6,170,5.79
20,6,170,7.11
24,6,170,9.10
28,6,170,13.61
32,6,170,15.73
36,6,170,13.52
40,6,170,13.57
50,6,170,1.66
70,6,170,0.00
0,6,180,0.00
2,6,180,0.00
4,6,180,0.00
8,6,180,0.00
10,6,180,0.59
12,6,180,0.00
16,6,180,3.19
18,6,180,3.86
20,6,180,5.10
24,6,180,7.00
28,6,180,9.09
32,6,180,11.29
36,6,180,10.23
40,6,180,9.87
50,6,180,1.13
70,6,180,0.00
0,7,0,0.00
2,7,0,0.00
4,7,0,0.00
8,7,0,0.00
10,7,0,0.00
12,7,0,0.00
16,7,0,0.00
18,7,0,0.00
20,7,0,0.00
24,7,0,0.00
28,7,0,0.00
32,7,0,0.00
36,7,0,0.00
40,7,0,0.00
50,7,0,0.00
70,7,0,0.00
0,7,30,0.00
2,7,30,0.00
4,7,30,0.00
8,7,30,0.00
10,7,30,0.00
12,7,30,0.00
16,7,30,0.00
18,7,30,0.00
20,7,30,0.00
24,7,30,0.00
28,7,30,0.00
32,7,30,0.00
36,7,30,0.00
40,7,30,0.00
50,7,30,0.00
70,7,30,0.00
0,7,40,0.00
2,7,40,0.00
4,7,40,0.00
8,7,40,0.00
10,7,40,0.00
12,7,40,0.00
16,7,40,0.00
18,7,40,0.00
20,7,40,0.00
24,7,40,0.00
28,7,40,0.00
32,7,40,0.00
36,7,40,0.00
40,7,40,0.00
50,7,40,0.00
70,7,40,0.00
0,7,50,0.00
2,7,50,0.00
4,7,50,0.00
8,7,50,0.00
10,7,50,0.00
12,7,50,0.00
16,7,50,0.00
18,7,50,0.00
20,7,50,0.00
24,7,50,0.00
28,7,50,0.00
32,7,50,0.00
36,7,50,0.00
40,7,50,0.00
50,7,50,0.00
70,7,50,0.00
0,7,52,0.00
2,7,52,0.00
4,7,52,0.00
8,7,52,0.00
10,7,52,0.00
12,7,52,0.00
16,7,52,0.00
18,7,52,0.00
20,7,52,0.00
24,7,52,0.00
28,7,52,0.00
32,7,52,0.00
36,7,52,0.00
40,7,52,0.00
50,7,52,0.00
70,7,52,0.00
0,7,54,0.00
2,7,54,0.00
4,7,54,0.00
8,7,54,0.00
10,7,54,0.00
12,7,54,0.00
16,7,54,0.00
18,7,54,0.00
20,7,54,0.00
24,7,54,0.00
28,7,54,0.00
32,7,54,0.00
36,7,54,0.00
40,7,54,0.00
50,7,54,0.00
70,7,54,0.00
0,7,56,0.00
2,7,56,0.00
4,7,56,0.00
8,7,56,0.00
10,7,56,0.00
12,7,56,0.00
16,7,56,0.00
18,7,56,0.00
20,7,56,0.00
24,7,56,0.00
28,7,56,0.00
32,7,56,0.00
36,7,56,0.00
40,7,56,0.00
50,7,56,0.00
70,7,56,0.00
0,7,58,0.00
2,7,58,0.01
4,7,58,0.01
8,7,58,0.01
10,7,58,0.00
12,7,58,0.00
16,7,58,0.00
18,7,58,0.00
20,7,58,0.00
24,7,58,0.00
28,7,58,0.00
32,7,58,0.00
36,7,58,0.00
40,7,58,0.00
50,7,58,0.00
70,7,58,0.00
0,7,60,0.00
2,7,60,0.01
4,7,60,0.02
8,7,60,0.01
10,7,60,0.01
12,7,60,0.00
16,7,60,0.00
18,7,60,0.00
20,7,60,0.00
24,7,60,0.00
28,7,60,0.00
32,7,60,0.00
36,7,60,0.00
40,7,60,0.00
50,7,60,0.00
70,7,60,0.00
0,7,65,0.00
2,7,65,0.06
4,7,65,0.07
8,7,65,0.04
10,7,65,0.02
12,7,65,0.01
16,7,65,0.00
18,7,65,0.00
20,7,65,0.00
24,7,65,0.00
28,7,65,0.00
32,7,65,0.00
36,7,65,0.00
40,7,65,0.00
50,7,65,0.00
70,7,65,0.00
0,7,70,0.00
2,7,70,0.13
4,7,70,0.17
8,7,70,0.12
10,7,70,0.09
12,7,70,0.06
16,7,70,0.02
18,7,70,0.02
20,7,70,0.01
24,7,70,0.00
28,7,70,0.00
32,7,70,0.00
36,7,70,0.00
40,7,70,0.00
50,7,70,0.00
70,7,70,0.00
0,7,75,0.00
2,7,75,0.26
4,7,75,0.37
8,7,75,0.31
10,7,75,0.25
12,7,75,0.18
16,7,75,0.08
18,7,75,0.05
20,7,75,0.02
24,7,75,0.01
28,7,75,0.00
32,7,75,0.00
36,7,75,0.00
40,7,75,0.00
50,7,75,0.00
70,7,75,0.00
0,7,80,0.00
2,7,80,0.50
4,7,80,0.74
8,7,80,0.67
10,7,80,0.58
12,7,80,0.44
16,7,80,0.21
18,7,80,0.15
20,7,80,0.09
24,7,80,0.03
28,7,80,0.01
32,7,80,0.00
36,7,80,0.00
40,7,80,0.00
50,7,80,0.00
70,7,80,0.00
0,7,85,0.00
2,7,85,0.81
4,7,85,1.28
8,7,85,1.28
10,7,85,1.18
12,7,85,0.94
16,7,85,0.53
18,7,85,0.39
20,7,85,0.25
24,7,85,0.11
28,7,85,0.04
32,7,85,0.01
36,7,85,0.00
40,7,85,0.00
50,7,85,0.00
70,7,85,0.00
0,7,90,0.00
2,7,90,1.21
4,7,90,1.99
8,7,90,2.19
10,7,90,2.12
12,7,90,1.78
16,7,90,1.12
18,7,90,0.89
20,7,90,0.64
24,7,90,0.31
28,7,90,0.13
32,7,90,0.06
36,7,90,0.02
40,7,90,0.00
50,7,90,0.00
70,7,90,0.00
0,7,95,0.00
2,7,95,1.65
4,7,95,2.83
8,7,95,3.38
10,7,95,3.41
12,7,95,3.01
16,7,95,2.11
18,7,95,1.74
20,7,95,1.30
24,7,95,0.70
28,7,95,0.35
32,7,95,0.15
36,7,95,0.06
40,7,95,0.02
50,7,95,0.00
70,7,95,0.00
0,7,100,0.00
2,7,100,2.07
4,7,100,3.67
8,7,100,4.74
10,7,100,4.98
12,7,100,4.62
16,7,100,3.58
18,7,100,3.05
20,7,100,2.43
24,7,100,1.43
28,7,100,0.79
32,7,100,0.39
36,7,100,0.17
40,7,100,0.06
50,7,100,0.00
70,7,100,0.00
0,7,105,0.00
2,7,105,2.39
4,7,105,4.40
8,7,105,6.13
10,7,105,6.67
12,7,105,6.45
16,7,105,5.49
18,7,105,4.86
20,7,105,4.11
24,7,105,2.61
28,7,105,1.56
32,7,105,0.85
36,7,105,0.39
40,7,105,0.14
50,7,105,0.01
70,7,105,0.00
0,7,110,0.00
2,7,110,2.55
4,7,110,4.88
8,7,110,7.29
10,7,110,8.20
12,7,110,8.26
16,7,110,7.69
18,7,110,7.06
20,7,110,6.27
24,7,110,4.28
28,7,110,2.75
32,7,110,1.62
36,7,110,0.80
40,7,110,0.32
50,7,110,0.03
70,7,110,0.00
0,7,115,0.00
2,7,115,2.52
4,7,115,4.95
8,7,115,7.96
10,7,115,9.24
12,7,115,9.70
16,7,115,9.90
18,7,115,9.39
20,7,115,8.70
24,7,115,6.33
28,7,115,4.37
32,7,115,2.76
36,7,115,1.46
40,7,115,0.65
50,7,115,0.06
70,7,115,0.00
0,7,120,0.00
2,7,120,2.48
4,7,120,4.85
8,7,120,8.07
10,7,120,9.64
12,7,120,10.55
16,7,120,11.76
18,7,120,11.54
20,7,120,11.09
24,7,120,8.58
28,7,120,6.30
32,7,120,4.26
36,7,120,2.40
40,7,120,1.16
50,7,120,0.10
70,7,120,0.00
0,7,125,0.00
2,7,125,2.38
4,7,125,4.69
8,7,125,7.93
10,7,125,9.54
12,7,125,10.59
16,7,125,12.82
18,7,125,13.15
20,7,125,12.91
24,7,125,10.62
28,7,125,8.31
32,7,125,6.00
36,7,125,3.58
40,7,125,1.86
50,7,125,0.17
70,7,125,0.00
0,7,130,0.00
2,7,130,2.27
4,7,130,4.46
8,7,130,7.80
10,7,130,9.30
12,7,130,10.46
16,7,130,13.04
18,7,130,13.83
20,7,130,13.88
24,7,130,12.13
28,7,130,10.09
32,7,130,7.74
36,7,130,4.83
40,7,130,2.70
50,7,130,0.23
70,7,130,0.00
0,7,135,0.00
2,7,135,2.05
4,7,135,3.85
8,7,135,7.52
10,7,135,8.92
12,7,135,10.13
16,7,135,12.87
18,7,135,13.62
20,7,135,13.98
24,7,135,12.86
28,7,135,11.37
32,7,135,9.28
36,7,135,5.96
40,7,135,3.59
50,7,135,0.31
70,7,135,0.00
0,7,140,0.00
2,7,140,1.35
4,7,140,2.90
8,7,140,6.91
10,7,140,8.23
12,7,140,9.70
16,7,140,12.35
18,7,140,13.15
20,7,140,13.69
24,7,140,12.79
28,7,140,11.75
32,7,140,10.20
36,7,140,6.78
40,7,140,4.38
50,7,140,0.37
70,7,140,0.00
0,7,145,0.00
2,7,145,0.89
4,7,145,2.02
8,7,145,6.28
10,7,145,7.56
12,7,145,9.02
16,7,145,11.54
18,7,145,12.55
20,7,145,13.34
24,7,145,12.55
28,7,145,11.67
32,7,145,10.31
36,7,145,7.10
40,7,145,4.92
50,7,145,0.43
70,7,145,0.00
0,7,150,0.00
2,7,150,0.64
4,7,150,1.28
8,7,150,5.10
10,7,150,6.58
12,7,150,7.73
16,7,150,10.79
18,7,150,11.77
20,7,150,12.56
24,7,150,11.91
28,7,150,11.42
32,7,150,10.27
36,7,150,7.10
40,7,150,5.05
50,7,150,0.44
70,7,150,0.00
0,7,155,0.00
2,7,155,0.52
4,7,155,0.99
8,7,155,4.20
10,7,155,5.34
12,7,155,6.50
16,7,155,9.32
18,7,155,10.32
20,7,155,11.22
24,7,155,10.98
28,7,155,11.17
32,7,155,9.85
36,7,155,6.82
40,7,155,4.96
50,7,155,0.44
70,7,155,0.00
0,7,160,0.00
2,7,160,0.44
4,7,160,0.78
8,7,160,3.22
10,7,160,4.46
12,7,160,5.50
16,7,160,8.00
18,7,160,8.49
20,7,160,9.28
24,7,160,7.59
28,7,160,10.51
32,7,160,9.53
36,7,160,6.52
40,7,160,4.71
50,7,160,0.44
70,7,160,0.00
0,7,170,0.00
2,7,170,0.35
4,7,170,0.61
8,7,170,2.15
10,7,170,3.24
12,7,170,4.00
16,7,170,6.00
18,7,170,5.85
20,7,170,6.12
24,7,170,3.92
28,7,170,9.27
32,7,170,8.73
36,7,170,5.78
40,7,170,4.38
50,7,170,0.44
70,7,170,0.00
0,7,180,0.00
2,7,180,0.27
4,7,180,0.51
8,7,180,1.53
10,7,180,2.44
12,7,180,3.00
16,7,180,4.50
18,7,180,3.91
20,7,180,4.08
24,7,180,2.11
28,7,180,5.60
32,7,180,5.93
36,7,180,4.29
40,7,180,3.09
50,7,180,0.28
70,7,180,0.00